year;Afghanistan;Albania;Algeria;Andorra;Angola;Anguilla;Antigua and Barbuda;Argentina;Armenia;Aruba;Australia;Austria;Azerbaijan;Bahamas;Bahrain;Bangladesh;Barbados;Belarus;Belgium;Belize;Benin;Bermuda;Bhutan;Bonaire, Saint Eustatius and Saba;Bosnia and Herzegovina;Botswana;Brazil;British Virgin Islands;Brunei Darussalam;Bulgaria;Burkina Faso;Burundi;Cambodia;Canada;Cape Verde;Central African Republic;Chad;Chile;China;Colombia;Comoros;Congo;Cook Islands;Costa Rica;Côte d'Ivoire;Croatia;Cuba;Curaçao;Cyprus;Czechia;North Korea;Democratic Republic of the Congo;Denmark;Djibouti;Dominica;Dominican Republic;Ecuador;Egypt;El Salvador;Equatorial Guinea;Eritrea;Estonia;Ethiopia;Faeroe Islands;Micronesia (Federated States of);Fiji;Finland;France;French Polynesia;Gabon;Gambia;Georgia;Germany;Ghana;Greece;Greenland;Grenada;Guatemala;Guinea;Guinea-Bissau;Guyana;Haiti;Honduras;Hong Kong;Hungary;Iceland;India;Indonesia;Iraq;Ireland;Iran;Israel;Italy;Jamaica;Japan;Jordan;Kazakhstan;Kenya;Kiribati;Kosovo;Kuwait;Kyrgyzstan;Laos;Latvia;Lebanon;Lesotho;Liberia;Libya;Liechtenstein;Lithuania;Luxembourg;Macao;North Macedonia;Madagascar;Malawi;Malaysia;Maldives;Mali;Malta;Marshall Islands;Mauritania;Mauritius;Mexico;Mongolia;Montenegro;Montserrat;Morocco;Mozambique;Myanmar;Namibia;Nauru;Nepal;Netherlands;New Caledonia;New Zealand;Nicaragua;Niger;Nigeria;Niue;Norway;State of Palestine;Oman;Pakistan;Palau;Panama;Papua New Guinea;Paraguay;Peru;Philippines;Bolivia;Poland;Portugal;Qatar;Cameroon;South Korea;Moldova;South Sudan;Sudan;Romania;Russia;Rwanda;Saint Helena;Saint Lucia;Sint Maarten (Dutch part);Samoa;Sao Tome and Principe;Saudi Arabia;Senegal;Serbia;Seychelles;Sierra Leone;Singapore;Slovakia;Slovenia;Solomon Islands;Somalia;South Africa;Spain;Sri Lanka;Saint Kitts and Nevis;Saint Pierre and Miquelon;Saint Vincent and the Grenadines;Suriname;Eswatini;Sweden;Switzerland;Syria;Taiwan;Tajikistan;Thailand;Timor-Leste;Togo;Tonga;Trinidad and Tobago;Tunisia;Türkiye;Turkmenistan;Turks and Caicos Islands;Tuvalu;Uganda;Ukraine;United Arab Emirates;United Kingdom;Tanzania;USA;Uruguay;Uzbekistan;Vanuatu;Venezuela;Viet Nam;Wallis and Futuna Islands;Yemen;Zambia;Zimbabwe;KP Annex B;Non KP Annex B;OECD;Non-OECD;EU27;Africa;Asia;Central America;Europe;Middle East;North America;Oceania;South America;Bunkers;Statistical Difference;World
1990;;1,51644677289419;;;;;;30,8228334681341;1,64134109686464;;66,4094291742072;24,4006992937906;7,64645628291516;;2,99475271635428;4,99079864783026;;16,8498455291475;42,2934432651634;;0,25425703449188;;;;;0,737;66,9888143622044;;1,08592727684705;16,7373234715329;0,220063685528691;;0,506086415190539;131,89944297012;;;;8,75861870839786;633,282129434344;16,9286190857627;;;;1,4091188226741;1,62614501271717;5,73147705113347;;;1,85366957188269;41,3085796993606;;;16,9289207809683;;;2,55876388206455;4,41849509119359;21,9445580559479;1,12088707584477;;;8,55939935839948;1,07377583644723;;;;22,0242329259556;134,574208330349;;;;2,70102727656718;326,126057521733;1,25265339965029;26,3318596912876;;;1,85490733720932;0,274;;;;0,908669138440035;23,4954239500641;25,0554682092526;;157,050778104066;40,0367463853126;;10,793367267191;55,1442621897997;13,485942702611;154,805629627909;2,03712301718949;359,566068319668;4,41816421244333;76,3385628873574;2,23215220823354;;;10,6613303130821;5,40207499125808;0,219379186823259;5,88541646293348;;;;;;11,7961430333755;3,22475524431989;;;0,38255869499569;0,419056228022416;18,0285220106895;;;0,926729292262087;;;0,733992445177401;87,723514321344;2,43290463622354;;;8,33264785632524;1,09680011909525;;0;;0,315085548888231;55,1576219668227;;7,3397224665681;0,733703764452394;;10,3368648834312;;;;3,4270974343257;19,749577003504;;0,807625878990936;;1,02996913249252;6,51997188609612;17,1320579366996;2,35866235974641;88,0340854177983;14,1741977428453;2,91614864455558;0,83383306773557;87,4984467338962;;;;44,5605270658537;557,426427211711;0,142975888203855;;;;;;52,6101617320799;0,928786516750862;;;;19,5308237159549;19,9546054837139;4,49563434135125;;;59,8221886690577;72,3017889552183;1,73116837294774;;;;;;23,3684547223959;23,4403089795983;;47,8136506535457;1,41211269516314;32,423859708742;;0,351001287391002;;3,21368312342165;4,30715178090896;58,7814601749642;;;;0,418450628133028;137,194826532945;15,2342802246742;182,752769822919;0,995162768569153;1377,73745918398;1,33636098658412;;;25,7421988706309;6,31134756106007;;;0,746915276445847;4,91251992507462;4054,97191167619;2004,96959967242;3531,88775348792;2528,0537578607;1201,4042957948;159,040383233613;1627,90840717577;25,9892775230223;2164,95794306307;242,779086639165;1597,88292687364;75,5149260248082;165,863794043963;149,795873421708;6,53699316899292E-13;6209,79810966115
1991;;1,2592261215642;;;;;;33,0756115766747;1,24689414182382;;66,5767862583378;24,860003886063;5,83068513918327;;3,15994517887084;5,28633467868712;;18,2775546088325;42,4916287669699;;0,269813742688611;;;;;0,719;68,7600651601886;;1,32671486431346;12,2001674138481;0,234064434860901;;0,526066527944056;131,674422556172;;;;8,43856072611244;654,988816889992;16,5192136770791;;;;1,43005571098415;1,52313170118492;4,27105671089248;;;1,88208322937204;35,6400099560347;;;17,9470088014572;;;2,71437243063462;4,2821087048453;20,8294201256246;1,2805279656532;;;8,26146336589123;1,08750022714435;;;;20,347750002555;137,643918083728;;;;3,09766337330945;312,314828085273;1,36211609734742;26,0402834233591;;;1,85733956810375;0,28;;;;0,928684125563576;25,1050409554021;22,8333927936575;;162,878199595502;43,7595866326875;;11,2647303211833;58,1604336518422;13,6393070205934;153,19194356537;2,03072733510532;364,636509690279;3,95540583458138;56,6069878656717;1,99886737882565;;;6,16966959530432;4,76854265649875;0,235904661389935;5,41902040015977;;;;;;12,517558336721;3,39381150828269;;;0,39946387650985;0,422055977279769;19,8940436801746;;;0,887031507625624;;;0,768032777354309;92,4460613110352;2,38803362278854;;;8,41999275608068;1,01677289540615;;0,288;;0,416006596781418;57,2695710939638;;7,37578661289511;0,72358740780356;;10,8854389086073;;;;3,65871069935519;19,2663267558765;;0,838856842979052;;1,04310827053918;6,46392186377436;17,1902663665795;2,49803132637512;91,9908842749162;14,7984945597058;4,30761202926473;0,84758496722233;93,347866498101;;;;35,4748768339102;567,196608623463;0,128857954918859;;;;;;71,3613757916733;0,994003833378659;;;;20,2662303941929;15,6418859427724;4,2577677088081;;;65,7809946070889;73,8615936778746;1,90783186062313;;;;;;23,1195165954189;24,0678407928148;;47,8005865812224;1,21777493346225;32,9692790180955;;0,377938555279543;;3,39568052553424;4,62487333474627;58,3059337452867;;;;0,425254746539927;124,786146744598;16,7008732184432;184,706391039213;1,04723400089338;1354,05870831524;1,48153275683202;;;26,6940294651121;6,26796428227482;;;0,801261200264776;4,76306074680579;4004,00963756278;2057,02625946378;3508,32193180031;2552,71396522625;1169,82228084581;165,761348196263;1650,15334748192;26,4756758519803;2126,62181485133;267,231855280893;1578,73660327097;75,7760063952883;170,273444040644;148,386810402862;130,438;6339,92225109754
1992;;0,79580337222546;;;;;;35,0307463428765;0,987876709223985;;67,2861137728776;25,416939133725;3,62003362342235;;3,05347957128463;5,64902689330688;;12,3746621173991;47,0559795813907;;0,283372027140643;;;;;0,758;69,2869484202054;;1,40751136294193;11,5135208433396;0,236670107805076;;0,55225876419873;135,251006566504;;;;9,08551897049859;703,054951052178;18,3949710836228;;;;1,56694545211256;1,58817153726622;4,96539610510889;;;2,27176799315593;40,4622603378896;;;18,9399653719782;;;2,96918580991279;5,4205631904508;23,250037175028;1,36752757850166;;;6,55495598971255;1,11034688219462;;;;28,2916861301808;149,000492661105;;;;2,56997683823078;329,540818455485;1,20097040685935;28,5590578359301;;;2,2099836485594;0,289;;;;1,04435324993692;27,2981977698132;25,9946277729794;;176,463151900373;50,3851276469955;;11,7339203908074;59,7664597378462;15,80519380535;166,964438601736;1,94280744415246;388,37619366793;4,66534020348423;35,0306855672273;2,30271543469004;;;9,18952826753109;4,89420919375407;0,251349606978489;5,02095784015472;;;;;;14,3260572394098;3,33036964296809;;;0,400231882715085;0,416767143659133;22,2482076654773;;;0,947546647883679;;;0,850328963161788;94,5230805787615;2,50569151605716;;;9,79248558581531;0,97305203683342;;0,314;;0,472002104137619;64,9742922675305;;7,73425887718111;0,867538386593623;;11,9824157105158;;;;3,7471390972039;21,1702391901545;;0,981177752214915;;1,18801538545688;6,57773040735719;20,9475622080956;2,68644854468045;94,8444671721317;16,3917576570745;6,26607263100059;0,89693593433881;107,86153940258;;;;32,8424272119328;211,937502560538;0,130864052641614;;;;;;78,0428337017298;1,02336478084911;;;;23,0105184151291;15,2969427900875;5,38815509449964;;;62,287043683849;79,8014007291039;2,17273070101662;;;;;;25,567873796745;26,0969291302544;;59,9398542721385;1,36586266906834;42,3648178827636;;0,385552589916237;;3,82390492791365;5,82043583106881;68,0932571223804;;;;0,439659799583002;120,320065937852;17,3664915230013;189,046840110982;1,02374661106773;1405,08346887257;1,6718853498492;;;25,9647340980781;6,28024131110464;;;0,816180028824791;4,81813847603118;3818,58094149151;2189,23885404614;3713,02360363275;2294,79619190491;1255,99807529405;169,353453271481;1767,66711769103;27,054598594294;1855,89598428124;299,180032269842;1635,40555990466;76,9395955049657;176,317600112659;151,351047070837;7,67386154620908E-13;6159,17002383121
1993;;0,729483826132734;;;;;;33,7746863889176;0,493348726535279;;67,5362044419914;24,314785738476;6,55519646009168;;4,25935035487014;5,73224090439962;;10,4344532407037;44,4214950028727;;0,316248154669061;;;;;0,872;71,6398072791807;;1,46807780989268;12,4068005509551;0,234920358895669;;0,541343403023345;131,736583513284;;;;9,70935671087192;752,486883702127;18,8802717803115;;;;1,57406896886577;1,79301328513327;4,96824761867033;;;2,06658697866764;36,1342493623299;;;18,3019352353216;;;3,13198380501099;6,16764009479458;25,0722196388696;1,48455081626746;;;4,89611623525846;1,11177526119047;;;;23,2362295589116;137,692989127328;;;;2,20285248459706;316,709202067542;1,35021790626578;27,1368900509232;;;2,07166260310921;0,297;;;;1,04369315401647;26,1857055181713;23,8201613664561;;177,930383527869;52,9914528350949;;11,0660104404156;58,0754168162318;15,8575236563308;152,553196685241;2,13034017367635;380,518829983655;4,4821597009909;44,9681349136963;2,38689485608569;;;13,1323133827778;3,62098692437634;0,258454964801717;3,99383950666545;;;;;;8,84620377943389;3,37115386384491;;;0,419433129537266;0,4615541533269;23,8111355128536;;;1,01874824095038;;;0,869385935311308;96,191213058981;1,65330176367616;;;9,59118106483305;1,06806022303284;;0,379;;0,521913008340028;59,8756420115882;;7,7390884997967;0,825448529485748;;11,9580289668438;;;;4,19638785943565;22,4795924126077;;0,947654338890081;;1,23061477366161;7,24937160614427;19,7546775692877;2,82444261862719;92,0094991443962;15,9559823242174;7,2964522879787;0,943162156444109;110,195232139825;;;;30,5540741565975;303,897737869249;0,131808134860493;;;;;;85,2903877712182;1,05374622023411;;;;23,1641717640541;14,0936860494478;4,99915732367291;;;65,2866293448887;74,237814158146;2,17979811737534;;;;;;23,7715757687218;23,8087869450098;;56,9505395340411;0,880869851269391;42,0037928739362;;0,398931907250834;;3,51345083991722;5,34800545535794;63,1236023257713;;;;0,486788395512937;101,898687761896;18,9008329867493;179,402864848129;1,09672499383393;1421,25616877003;1,53555706553907;;;29,7221314281258;6,81461446852898;;;0,86473257618244;4,58248506155625;3800,88379702362;2269,05555078841;3629,39513367193;2440,5442141401;1172,45227234705;175,632746777396;1820,89857645852;26,8388155717668;1827,00832960411;309,075890102692;1649,72498850071;77,2295381259001;183,524561452761;152,319740626797;1,16529008664656E-12;6222,25717795848
1994;;0,647511521617855;;;;;;33,8858550118214;0,486846933103068;;69,87293248185;24,2580883663978;5,1662874283162;;3,88523958704956;6,33553690341391;;8,26521072349707;44,3976356738333;;0,365599784851761;;;;;0,827;75,2901688464467;;1,43808238977233;11,3517478389731;0,243589672155934;;0,578752671659633;133,16386976895;;;;10,4349967473153;750,570044671717;19,8437078064694;;;;1,87719447859831;1,48744110784036;4,86874050810096;;;2,066905975933;34,238084525169;;;18,7806116990214;;;3,30929044673864;4,11994782546314;24,6806987973006;1,65253905183173;;;4,53919553306321;0,917782010069285;;;;21,378863219949;134,376292550542;;;;1,34254909902591;309,76540041877;1,55695402651623;27,1121129444856;;;2,35623033350006;0,307;;;;1,09738513655536;33,1944444355111;21,7572449106898;;186,516492492428;54,4921242171303;;11,2352533566105;63,6747925268061;16,6550990853637;148,14788777625;2,07586558885361;400,623349829448;4,90473991449368;38,8029449818002;2,47959308928053;;;14,788494377205;2,92461219674722;0,284836080561412;3,75257663952515;;;;;;7,83120129670815;3,15034139493883;;;0,452198657980777;0,469000750046948;23,8528480379796;;;1,00388868202227;;;0,866935073965012;99,5227283961304;1,59279907508101;;;9,76048368931435;1,07581088249863;;0,429;;0,581711989154316;58,8883571481864;;7,94371428945211;0,881921053405367;;21,4032751687856;;;;5,19876223226249;24,2972315062784;;0,990354243947997;;1,3902313398387;7,40660522546978;20,5699882353357;2,33707930305912;88,4444447255843;16,2061919195624;7,72861149657443;1,40427933654365;116,156905804034;;;;28,4795441168679;321,080818415544;0,126125369513229;;;;;;83,641007032385;1,09772415017258;;;;25,0241140035678;12,2408034170236;4,7561707508455;;;70,1732797623559;75,2226191626857;2,37925105615081;;;;;;23,5623611389911;23,6309027566819;;57,3026407153073;0,445193400944299;43,739512812198;;0,407402880335177;;3,05047320121107;4,77315493746545;57,3853794483406;;;;0,470467634691553;74,8452430899668;21,6876837981884;177,336133497532;1,03346443973358;1449,93319977987;1,46751443435863;;;27,7269572060059;7,97041348076162;;;0,875402423226563;4,74458123578023;3810,73101902853;2316,31748412878;3658,67625660403;2468,37224655328;1141,81256569073;195,502536306343;1860,28313769749;27,6727169086014;1778,05210788513;317,737150347234;1683,17796511438;79,8046356580281;184,812285520388;159,736998775985;4,54747350886464E-13;6286,78359145295
1995;;0,694944434058469;;;;;;35,0313909471532;0,732305878101067;;71,4096888532258;25,3847180853298;6,33293195299012;;3,91994771325644;7,19901163190017;;9,52851323698008;45,4728589536919;;0,390011911621487;;;;;0,831;81,5326359418533;;1,43833281804793;12,7074776707462;0,24760188589878;;0,563423236039606;135,378875202316;;;;11,3070757285378;817,127066168606;18,261092008942;;;;1,83978629616304;2,01935607110792;5,37588680008725;;;2,13203656959276;33,735690819745;;;18,6004986051538;;;4,07479620920854;6,10945031824962;27,2734531003484;1,80996287635733;;;4,2777711918741;1,01023531329619;;;;20,5438061692356;137,028157222123;;;;0,621519509887495;311,140339547672;1,6025075062189;27,4528939236576;;;2,50468657811659;0,318;;;;1,21766746661343;34,6742743749469;20,8358855324563;;196,285191458481;55,8166405618045;;11,5098256063392;67,5038188761261;17,6104414182052;153,740604716741;2,37570243292327;409,22134956335;5,03681455850767;35,3822005328733;2,82197451733412;;;14,4702719481165;2,94768193043282;0,313501859324809;3,46463540547905;;;;;;7,6398361856034;2,49888879786258;;;0,46347175301569;0,485151566318474;27,0151376974449;;;1,01711378415462;;;0,939172274877867;88,0769536273463;1,62307514086075;;;9,9806423571075;1,15274593973555;;0,442;;0,761316794507438;59,8282594136651;;8,2778291847;0,9374130577007;;20,9634593834322;;;;5,45601051273508;24,2228862219506;;0,97615478557974;;1,52684787313524;7,7738003883377;22,0567054460937;2,20150632784443;87,7116664871018;17,3485376688892;8,01393977466035;1,53257066453144;123,261170479832;;;;28,7964539393026;318,943861099068;0,124116049883042;;;;;;68,0411806253744;1,02559091053591;;;;24,5687419540991;12,7021596156733;5,13958715005549;;;73,9189506416333;78,4969156781011;2,53870920812799;;;;;;23,3134760047412;24,7001415678088;;58,9522213959772;0,221601469186278;46,8901735146493;;0,464731922277131;;2,77306236141102;4,88273440480217;61,0872309044656;;;;0,536290697589142;59,845757237748;21,6135065556246;175,85494107649;1,12624770913635;1466,2800074791;1,64100457670922;;;29,9812770547959;8,73625669012531;;;0,868196480810509;4,3531053591652;3838,54808200978;2413,13566481606;3703,11704583013;2548,5667009957;1157,89598154507;205,167256483181;1957,01088897986;29,7412568822254;1779,21177289948;312,12607258479;1690,33002990675;81,7414980757714;196,351825262236;168,758644745218;-4,54747350886464E-13;6420,43993523917
1996;;0,825895020132819;;;;;;36,6582114656152;0,761101988968281;;73,1497586225566;27,5692661418772;7,72514483317362;;4,03728546077076;7,42631057087261;;13,1309695798422;45,1875672369881;;0,464212070920201;;;;;0,752;87,8780412745534;;1,63176931960359;13,3362476922173;0,256519562888948;;0,639476169215057;137,993880630977;;;;13,1942181871001;852,978401078657;18,1410004326973;;;;1,80084441033807;1,97262474036087;5,40205999977536;;;2,46682077741749;33,4118344120195;;;19,9342707996124;;;4,45959327510182;6,33123332031233;27,6981269413609;1,66822417063971;;;4,57302827923547;1,08208545568353;;;;20,4077712024434;137,71771920773;;;;2,12573500255342;306,74198744762;1,9248281479568;27,0071192038816;;;2,40616183533716;0,337;;;;1,30424440528167;33,5274045746564;19,2329600726556;;209,695964620785;62,553516607637;;13,6495990838749;71,588765662609;18,1827724439299;144,957701541002;1,98937363894239;407,414955140471;4,09924895513236;31,3271115000016;2,58726534630505;;;12,2508208594364;2,40127438330609;0,329278782394472;3,89113734782952;;;;;;6,20537888318008;2,5129395612456;;;0,389348202121605;0,554365877305525;27,5185136086564;;;1,05254204550887;;;1,08661775181913;92,4595482786972;2,04270413343343;;;9,16193662069767;0,78173503301932;;0,47;;0,769166950767876;59,1933159123849;;8,74720030466303;0,935488102239637;;24,2294987876779;;;;5,24700526703272;27,0307596388729;;1,14350223903413;;1,4367885512023;7,61465018195603;21,8763046978238;2,43922557713686;89,8359320132057;16,5879698832293;8,3252259109188;1,66797476529697;133,959917601872;;;;27,7234047629975;342,200250866959;0,126648267061991;;;;;;67,1145953905157;1,26806419498777;;;;27,7783913246784;13,1718902297956;4,98491938954344;;;72,180020767065;74,2754452254043;2,77985583027623;;;;;;24,7984688517818;29,5354351227788;;54,7240815692625;1,13084276692223;49,8501245161511;;0,459659759458943;;3,54428502212145;4,69500978794059;57,4955548401258;;;;0,469361022142674;78,6306650169385;22,2278265172561;183,639687549587;1,0527361353104;1512,11587027955;1,99437044710516;;;26,2576544680639;10,4029064583324;;;0,854478389029253;4,51415054340686;3929,66671790473;2506,06655964978;3767,56958468656;2668,16369286796;1145,82929720446;205,178567358024;2031,09416595564;32,3871591710619;1829,09497736322;307,614621548164;1743,22117585137;84,2358765672354;202,904739848644;182,763412839819;-9,66338120633736E-13;6618,49423406246
1997;;0,605880218547389;;;;;;39,1949083534168;1,11304510334392;;75,2308828465042;25,9596490532175;6,99283128848251;;3,8763390212774;7,94663311435885;;12,3587424656789;46,564868153107;;0,519401496727089;;;;;0,764;93,4873271968034;;1,20978637150268;12,7163398596491;0,295642471670695;;0,623268651789722;146,751193819881;;;;15,0218115477067;834,759649894385;19,7339478685618;;;;1,93498872547696;1,87427053747816;5,71752471303544;;;2,24031582663223;32,4072139170299;;;18,3992506876456;;;4,82196104596363;5,41389498794861;30,8589208724254;1,97604623197629;;;4,35488700016841;1,20184008256681;;;;20,059843577359;133,743884991735;;;;1,89562448800534;294,284474948756;2,35932942458545;27,3323444077175;;;2,78460992438553;0,352;;;;1,47118414036979;37,5085477367715;19,0823259705122;;219,451192215577;67,3864059682496;;13,4080394741005;72,6723345435798;18,8806674483599;146,206134055875;2,16840934703211;400,750198168211;4,80495636143158;29,3360895477796;2,55947334763661;;;13,4336039307202;1,45363081213511;0,325706998566256;3,72707639265048;;;;;;5,91904121644238;2,33730718462887;;;0,488384816532941;0,543317926103472;30,748806343133;;;0,990170820960474;;;1,08098601941272;102,350888333783;1,65821880032831;;;8,80965463917994;0,513193751058416;;0,483;;0,835826935311871;57,678191059925;;9,23436667212117;1,03269783446406;;24,5404770550233;;;;5,2595729553167;26,6929404509536;;1,17839531187503;;1,59216406865791;8,51526032191102;24,1811683671889;2,98586143894369;87,9347691639726;19,3205322398814;9,53405179372495;1,65337173508268;135,885980099822;;;;24,6492825373094;321,510040364879;0,131694204798277;;;;;;57,1721512748597;1,16605735610938;;;;30,5824516764822;12,8944527711798;5,13531508984346;;;76,0364846273772;75,7909999738374;2,8139879497165;;;;;;23,5254788208312;26,2898456071915;;59,912434841155;0,846263803973672;47,3824694145273;;0,374086373767171;;3,77903831387666;4,69571004236289;61,33934623333;;;;0,503557897981437;75,5729443732212;21,950050152048;183,44192902336;1,16265011049855;1540,94060106908;2,18394572806182;;;31,671009084848;12,445141390792;;;1,11194109420753;4,08447982677403;3912,84298851661;2553,23785555903;3796,50943272243;2669,57141135321;1122,379713908;210,707458548262;2038,71894234719;33,877492602845;1778,70781792913;305,73708558776;1790,63880317482;86,839609263829;220,851683170707;192,206413521036;1,98951966012828E-12;6658,28343663599
1998;;0,692145685424068;;;;;;40,2426530494046;1,10062742511411;;80,6702759712216;26,8732144003703;8,24220999510223;;4,38845555724208;7,95152864415908;;19,4974514773108;49,3090093712436;;0,546433171350248;;;;;0,912;95,3643968951029;;1,48361782137794;12,5278997198223;0,478417917255673;;0,776864504182349;147,766781609413;;;;15,3022788270618;807,799057200035;19,8089830680891;;;;2,21870672853715;2,37632786365202;5,58819921193292;;;2,70620011373175;31,217475138505;;;17,9177258579563;;;5,34170874199196;6,76074446899893;35,4001823087326;2,22846291088556;;;4,65292307820662;1,41005188940547;;;;19,5213308506133;139,164015356839;;;;2,05295571999995;294,894792501502;2,25160108195835;29,3123722221792;;;3,30592511817041;0,372;;;;1,71190027820426;31,6134738469456;19,4322243768247;;223,717403295789;41,9635304057101;;13,3906127723097;83,4798124689702;19,2991770644127;148,852036234623;2,71915888520825;374,862337986882;4,94218254056769;30,9280164406738;3,55046803070016;;;14,8363432123838;2,95398042181892;0,341820568020519;3,66880447840345;;;;;;6,06354686488421;2,09150037137992;;;0,603911481645033;0,529186709301202;21,6477725704615;;;1,29990559685534;;;1,02074126431185;108,872049872441;1,74630544912924;;;9,54325164335987;0,757382190418445;;0,496;;1,12117913233439;59,0787302173224;;8,60007105434422;1,14841831296481;;23,5249181190022;;;;5,51733762528224;26,4899783631691;;1,47359488154499;;1,56046104671135;8,75760705497405;21,8916976293712;2,97261672188627;80,9873165013351;22,0908714332136;8,62600105484129;1,66166611847174;98,4609016495619;;;;24,0711153306963;288,073046843949;0,131419736855641;;;;;;60,6976061020912;1,18291622053247;;;;26,3087908038108;13,2354478005325;5,1895240408204;;;73,5291756914237;79,6343647107337;3,02516536634064;;;;;;23,9566773796065;31,9027090552856;;59,425523505732;1,03676340204266;35,5046482236218;;0,52004723928885;;4,17694432932644;4,6683709428593;61,9248512953309;;;;0,691185902454296;66,6459135975538;25,3077401968408;189,955403907417;1,14569425053585;1586,14450136504;2,32029865533424;;;43,2733376187587;12,9018724491162;;;1,05083347668318;3,69991080742132;3922,61782946666;2514,00533749253;3819,83856212823;2616,78460483097;1136,72783593244;223,581247797797;1903,21457435809;35,8868063226915;1772,70317893886;328,467120674132;1843,4562651213;91,757840871846;237,55137707471;203,921499886557;-4,83169060316868E-13;6640,54193758811
1999;;1,03234178560882;;;;;;40,7453324351692;1,41152804678169;;80,9540271273839;26,4337534875011;7,33362252302078;;2,62039693239861;8,2548039213733;;18,5338540096429;51,2752515715629;;0,54680141386356;;;;;0,862;90,9141528750592;;1,20435578825569;11,3398600812619;0,607223513295992;;0,744093709948354;147,916321032889;;;;16,337756382272;865,831888426441;15,3388183764052;;;;2,62702254988139;1,75022673714649;5,99936019731345;;;2,29086343216099;30,1127929795551;;;18,9508795917423;;;5,52921866061659;5,91202751109394;36,5954008539746;2,15950104399376;;;5,39958838965887;1,37699618580363;;;;20,2454185818489;140,062494947421;;;;1,66582192436979;297,39257909209;2,61470813469229;28,2410720823208;;;3,30237818368505;0,391;;;;1,84064976057989;28,9414513269161;19,6642573488634;;247,439963415901;67,5010348203397;;15,0925399803591;88,0262039840392;17,2441975979994;153,183189064566;2,64119571351647;399,903391815977;4,71754922479629;26,6676443749283;3,05961904135452;;;12,0537133596374;1,58832685432127;0,334131990691055;3,36480932883488;;;;;;5,42201580285214;2,36157776036424;;;0,691279286933117;0,516392771279024;25,5268148307749;;;1,14545847968072;;;1,04246415929135;111,314988743594;1,80659182297491;;;10,426017272205;1,07663677327558;;0,454;;1,70496339622385;40,1182914741082;;9,32734972471366;1,22763568302043;;17,2615596566526;;;;5,23466202475745;29,2155654738494;;1,585469309532;;1,59803809374056;9,10906118931445;23,4477119891946;3,11375643581488;84,3594353647114;26,7324800452084;4,94866301400714;1,40408228461727;119,049511190252;;;;21,6873076381232;275,986997626048;0,13717744494798;;;;;;51,6184372341678;1,22694868097361;;;;28,2225586125866;12,3613382184175;4,94735431250906;;;80,0078322935248;86,1233670538186;3,83921429052539;;;;;;22,4354861752997;29,0448422418922;;61,7434581228393;0,918626808436551;40,4692795838726;;0,515234882308508;;3,77384230215614;5,24283718811187;63,0178759274009;;;;0,725247582509197;64,9102115329215;21,7677511353987;186,179944095751;1,19893652267725;1634,86535312353;2,74200529647505;;;26,9857604668895;11,9510580910612;;;0,888510687459588;3,8267211863076;3974,292875047;2592,12710861768;3912,54664268116;2653,87334098351;1136,74282248215;214,341944741689;2069,06090209846;38,3453030453818;1742,42322222057;299,632063939469;1896,04486845495;92,5345197056786;214,031829844246;211,282152924635;-2,47268872044515E-12;6777,70049903473
2000;;1,11223666855267;;;;;;38,6168364353007;1,1627683343447;;79,3944025803198;25,1292923150543;6,4989204819445;;3,0072998487954;6,98220179718486;;11,4874390077549;51,971360904406;;0,653193991676952;;;;;0,895929049019591;95,5985854590204;;0,960588152330573;11,5758465925798;0,377545698340263;;1,32866359751153;158,546342232733;;;;16,2803850076966;890,4275615272;14,8820705490601;;;;2,18148371879658;1,90822175085065;5,90985459638107;;;2,10254677107693;32,8865751991165;;;17,910325856043;;;3,3403473478599;5,41017891933018;37,4674402218203;2,26664913093441;;;5,54579269123299;1,03929699397204;;;;21,5801974035765;141,71147299102;;;;1,67202258343375;295,756593539024;2,17081260177514;28,5327080240806;;;6,278224732147;0,358885126419694;;;;1,07928927537841;23,0328023366867;19,9911795357545;;247,863489628505;65,4887252244018;;14,8471676169312;78,6787116155058;18,5310765832562;156,593725853877;1,80437986714498;422,690981184333;4,83077539520517;28,1234168991832;3,26267755083901;;;9,06067812719071;1,68775854779893;0,672252821625538;4,01071939951049;;;;;;5,51259410249998;2,28567347864406;;;0,740133890547698;0,221801361907492;30,8122597821574;;;1,25738848315817;;;1,26073385358404;120,010538971785;1,9242068724747;;;10,488563482462;1,18670196140689;;0,427989370670255;;0,735412421685905;35,5041664864643;;8,75398871750211;1,20847906460808;;13,4964228532869;;;;5,66083880390441;29,6843089124509;;1,31458074602912;;1,48315300234197;8,57820245409515;24,8297920211754;2,37142039596196;81,8790968308613;30,2718947391324;4,70368095854569;1,68807251388761;132,429608142804;;;;24,5817828528281;271,898391921626;0,188282733396551;;;;;;56,2270390584972;1,36192554683759;;;;34,6588677533555;12,6226251067358;5,20886916986811;;;78,1301493537656;91,4998038085244;5,07524319271273;;;;;;23,4328707672837;24,410013008216;;76,6682442690164;1,48387653586559;41,3654208276347;;0,249653594980407;;2,78050908923768;3,86486718551886;69,6346893098671;;;;0,776401777193026;60,5698762795453;25,2521012375141;203,086273001581;1,34857901765359;1706,86130394335;2,18453141242752;;;19,9097236417074;10,0549079498363;;;1,02007883833562;3,27042110897235;4092,48833337733;2653,3382737437;4065,31556564777;2680,51104147327;1150,11212511567;199,95944159869;2149,44282633592;52,9948423692369;1752,6097575842;306,183820335297;1988,19736845815;90,0824404525474;206,343661545187;214,133757215244;-1,62003743753303E-12;6959,95845385593
2001;;1,22415291394752;;;;;;35,4754507237041;1,21838559784278;;81,7703644283112;26,3623308419699;6,87524716153249;;2,67322935338742;8,03307545299928;;10,7234727302021;51,6782713160405;;0,842150683974243;;;;;0,869980207166583;93,6368481687442;;0,944516178658083;12,3894118574773;0,414328470736727;;1,53191635815847;152,731159575482;;;;14,6283795842266;916,52678292439;15,1146770073259;;;;2,21394850806507;1,78593378876246;6,68473222998258;;;2,14784599880607;33,3002346727911;;;18,109565375182;;;9,31961225858804;6,70928329188515;33,0507607677457;2,27288365261013;;;5,17069846525008;1,20898010415146;;;;22,1747205918699;141,59157925482;;;;1,57248813236639;294,809627880775;2,34470976622061;29,0411910261522;;;2,39519280380822;0,345945029684162;;;;1,1431893261275;21,1737122776538;20,9598851445454;;249,54144594957;72,6697881150999;;15,4643622176488;84,9466823549483;18,9669376221985;153,472415040094;1,957390495624;412,654040314944;5,36327435653111;31,7762218426361;3,30600975118062;;;10,7567481643417;1,28793176574093;0,701409717635122;3,74347419008418;;;;;;5,48994977577098;2,34905501827965;;;0,714324468683193;0,197131886084828;32,3406784709725;;;1,31513361312295;;;1,20472869762453;122,48061737655;2,0446144168588;;;11,3030114266424;1,3220830664558;;0,546603768621667;;1,08598827745143;34,7595085994837;;9,16811342157627;1,2525051903121;;19,3815363917132;;;;5,90658448963836;30,1481220308252;;1,41358866847463;;1,49312966280747;7,88478607928649;24,7733257523342;2,42071126350293;80,6289114101652;30,9442364053285;5,66798541121123;1,87814932299911;132,427088633515;;;;26,2852533006827;303,618679620415;0,134755581066396;;;;;;60,0011283147553;1,40479457559154;;;;30,0963719857025;13,1995877205599;5,49431936267682;;;74,4160384827923;91,6321204859144;5,23551485279819;;;;;;21,8405607391531;29,2757158862874;;69,698326772893;1,47526426476567;43,0590285555445;;0,210550573926707;;3,33207792952005;3,91111571511145;56,0137838434308;;;;0,775495021021354;70,1485532791467;26,4119644079214;198,292733627344;1,48954189585552;1685,83230494077;2,05449066182162;;;22,6009659004109;11,414863859909;;;1,08848768322493;3,10752805796078;4101,50898738227;2693,21482190475;4017,66574018863;2777,05806909839;1151,03898253463;204,056614834109;2174,1010698385;49,3819023519204;1794,622902719;312,850143056152;1963,42645999049;93,1199119465695;203,151018241093;212,627539813714;-3,09796632791404E-12;7007,34998447192
2002;;1,39277258572973;;;;;;22,35240602271;1,21035415228272;;86,8406084496105;25,9682768680985;8,21002090198311;;2,96780742590504;8,39919824843075;;10,7164824244101;52,9388120862739;;0,894145947926265;;;;;1,18555311307998;90,5044318098494;;0,938316550306015;11,7987903673845;0,406799198495592;;1,94026468096371;159,076470105363;;;;15,3745957233078;996,211287800509;15,1900199586474;;;;2,87688712608334;1,4362777344364;7,15216995543772;;;2,28132439732449;34,0892348217222;;;18,1400134951974;;;7,86707422025175;7,31324178921861;33,2208853838175;2,26051985819008;;;5,40973474824293;1,05252148294671;;;;22,2606988944803;139,515020413627;;;;1,46464090659409;280,295610542883;2,2526098431549;29,8721450335553;;;2,5419929457121;0,355420565782275;;;;1,182506509686;20,6617337681775;20,5021691953796;;253,506280065265;75,1861585794667;;15,8297924960534;81,8345225267053;18,3606782584419;157,161861333939;1,95697615994414;409,848839215655;5,60744691619357;33,9717715143412;2,75865556734624;;;12,3575951068219;1,53981779199301;0,728340582050059;3,70298400649026;;;;;;5,28296971049565;2,67970935592923;;;0,544953258887829;0,228206008799598;33,8986393675267;;;1,38222270870352;;;1,22637976862589;123,593170159003;2,12653900417652;;;11,7858967133751;1,28441430478966;;0,440010107933829;;1,00146658583433;35,957577487997;;9,36630542869541;1,24648743642926;;19,4477587675621;;;;6,35313521316705;33,0980805964274;;1,31543031901015;;1,43635769829787;8,17836369946114;24,5908546094435;2,94529941200332;77,7393793423907;31,1175727083832;6,49323248387021;2,0759036224429;143,177735235187;;;;26,1956985177176;305,364936144283;0,132507078480368;;;;;;63,5994460117795;1,42568645460072;;;;30,3417672141333;12,4904442833285;5,32611887972863;;;69,3278834941085;97,941373873782;5,77489583555494;;;;;;22,36533172783;26,6378169897072;;71,3376101485669;1,87277127939318;47,4007504421441;;0,311907746822462;;4,06054534087289;4,07962750759926;61,4749117709639;;;;0,805858800850362;68,5415153540881;26,2332560419657;200,715018618405;1,60611022197993;1717,65148517176;1,73402285209578;;;22,169401938261;12,9118519083639;;;1,10686964582405;3,31441597570447;4136,38224568255;2809,55101004797;4070,32427277356;2875,60898295696;1145,39703725238;201,773807904813;2287,56427448714;57,9478018190095;1790,14438874858;317,79034242151;2003,54617886692;99,0186304928276;188,125989976388;217,904205702995;-1,16529008664656E-12;7163,83445925011
2003;;1,61198286091173;;;;;;30,6640567504655;1,0820865742496;;91,3698756425172;27,5605633973091;9,26089790145621;;2,30718821778461;9,39752035475526;;11,0827479720873;56,4117412117377;;1,01706241605462;;;;;0,708784609758169;88,4365858729321;;1,47525351924613;12,6345372569118;0,434261804458967;;1,74779765184337;157,579596144531;;;;14,7170887405944;1112,92478768411;15,771982640605;;;;2,52003878644319;1,75425390314719;6,90949552662604;;;2,34052413921607;32,9994237375536;;;18,4518255035678;;;6,96692887832434;7,87644959208256;37,5799496008421;2,30396737859425;;;5,65020755568229;1,11155247245966;;;;24,4102008051249;142,356402843871;;;;1,58900626768113;291,284217811629;2,61531088443526;26,5591935137067;;;2,48714409822092;0,748381445498827;;;;1,45008904469169;22,70079700309;22,2387010238951;;267,973504367865;86,5270486797273;;19,6799152967332;98,564542042612;20,8704762901667;161,488541853692;1,99822712581606;416,758901262632;5,44346420739689;33,9926281061172;2,5700938025161;;;14,1586574865935;1,42788197784012;0,546865684329502;3,98400497887823;;;;;;6,17614220428391;3,14660672189367;;;0,773536088832815;0,268774009722135;34,5848567591522;;;1,2173827706902;;;1,28156205243133;123,233340934918;2,26239286492842;;;10,8331474780973;1,40343500513025;;0,460024307895359;;0,694478089368701;49,8800364379583;;10,286374343165;1,36730102445827;;22,6775541189229;;11,5378266386082;;9,30521924761614;32,8302624860394;;-0,103603003784619;;1,55502912473793;7,76268342357248;24,9789047826515;2,78101715208869;77,7049628075876;30,5939300874158;6,35852220377941;1,75734650486249;148,04901907346;;;;26,6252776468723;317,034686742942;0,136317942998027;;;;;;82,8456382248296;1,63569786722977;;;;28,0840864093609;11,9861707411731;5,16645022650047;;;76,163033228752;97,8849035091966;4,81581375448785;;;;;;23,9898485693171;26,0234400835233;;73,0102254729649;1,4811129872072;48,728942279004;;0,337076610384173;;4,58610307473815;4,27063635159193;67,5910073490645;;;;0,747733462621255;64,7035914288803;34,2372126963692;204,297471686443;1,67234158141253;1770,93697503725;1,68585899222664;;;28,9894704412718;16,4447690811568;;;1,06868349190241;3,12718905183917;4257,17150819205;3062,08253878181;4193,56470479486;3125,689342179;1189,33120817902;223,384048188843;2450,03085228314;50,5556804039031;1851,24989411693;382,179024453658;2056,75795859039;103,955978999947;201,12694006606;226,778163150395;1,13686837721616E-13;7546,02874032038
2004;;1,49630925039834;;;;;;36,331674823659;1,15606539927741;;94,017665368726;28,5797760672651;10,9913464644263;;2,08038739531278;10,0600406114341;;11,4028240374384;59,6780078055471;;0,958129709055523;;;;;0,72441646290875;91,8091929320654;;1,45895563364585;12,4875109927503;0,466764028853459;;2,15673995224443;159,406338376749;;;;15,5958715958054;1177,83657503537;15,5711932983675;;;;2,61516843450819;2,04726912013453;7,07238637047151;;;2,5317254904974;31,511541890602;;;19,1842205453221;;;6,52498104993701;8,48521352618004;36,4016677387052;2,18188675483728;;;5,68289525812503;1,1244803994547;;;;23,2884862950677;148,050043819476;;;;2,02777365880762;286,769557636046;2,57960577514468;25,6276456930685;;;2,58675078806043;0,461938872786207;;;;1,5289427325225;22,4902884764463;21,7465682990917;;282,765218533232;88,0082611399631;;18,1909316279918;105,349392524611;20,7503807278584;166,169096184353;1,85330250365235;418,9866965188;5,99928493022915;35,6079482423967;2,74138821301678;;;14,4947402255767;1,81288145542405;0,643601026778134;3,8057662435968;;;;;;5,89182124536766;3,58156304991117;;;0,773730892480949;0,2286797330395;36,7350565206329;;;1,17465208723641;;;1,38491724207391;128,32151716319;2,32045342760411;;;12,4479306031416;1,40632548650874;;0,522248266379441;;1,17543539259251;52,0037555655536;;10,6395217717154;1,41084571683107;;23,2558427325674;;12,2704872573963;;7,25420479362917;38,5933123960864;;-0,081164500305841;;1,61814291473148;8,45493984439756;25,7156409501452;2,70595323502706;79,3455073683228;30,23969805135;6,2768964096408;1,68282803868138;150,868522473638;;;;26,9447278260575;323,423474125113;0,150851175335114;;;;;;95,9577774849294;1,69958195662657;;;;32,8480127633527;12,5785960134301;5,22859308195805;;;88,0987807962889;105,234934087724;5,46412061627346;;;;;;23,8567898784689;27,089759062068;;83,7763200768526;1,48196655432688;53,7066420542007;;0,311487520236714;;4,47807791554394;4,2688300697681;76,3163489990366;;;;0,810276511350168;61,7840471350976;36,1549808848939;207,417225329256;1,86347475677679;1806,12243927541;2,04234212989889;;;26,2303178059387;18,7438898047065;;;1,1324119725808;2,65839234352328;4324,84319723751;3239,78770820218;4275,28610425859;3289,3448011811;1206,45679847465;235,603972630071;2575,95952782721;46,248352546217;1878,00991131809;416,533653668172;2095,64153303213;106,860312894904;209,739099573097;246,56134514914;-1,10844666778576E-12;7811,18793932549
2005;;1,57456638650774;;;;;;38,3238333164919;1,5754828728226;;93,8847485226515;29,1409110545902;9,59834928129603;;2,17757627974297;10,6063738476671;;11,7385926199188;61,7453332246648;;1,024748072999;;;;;0,722913916325197;95,5269024274859;;1,38877667010647;13,2425634442288;0,460881857811343;;2,63544772708909;166,197286009267;;;;16,5962015587404;1287,60467799465;17,3475383291222;;;;2,5983307807066;2,08475496952657;7,06609002174438;;;2,63741788215106;30,1123636959154;;;18,2430560238311;;;8,86868314146383;8,9996223075798;40,8014982539455;2,25287992880868;;;5,28173727170759;1,11122982362308;;;;22,0410000823625;150,561270803893;;;;2,39562456367584;286,357796355522;2,8010709437952;25,5506223177807;;;2,77436772762639;0,476929624690769;;;;1,46188998307679;24,0471350817158;21,376934046836;;299,231889147436;89,5731237523687;;19,8179185284634;108,596152047954;20,0966896073149;168,848821434635;1,90266292899887;421,174730498496;6,68112157768145;38,793226948224;3,17285623814911;;;17,9231297530394;2,01761627545706;0,630488393706669;3,66137953584044;;;;;;5,85536174183797;3,93496606130336;;;0,797524349804053;0,214588617305032;37,4864967073441;;;0,899688398733135;;;1,21594455615557;133,82438244284;2,38130309118433;;;12,8793769578111;1,51861993892512;;0,609670960460113;;1,25733458049278;59,0162584329846;;11,3921486902025;1,40633951638908;;25,704885620692;;12,0460767819089;;7,22691550738898;40,0920188744339;;-0,478581016468745;;1,57704253408662;8,99087571145984;25,7204619602865;2,91198445101777;78,996323268365;35,1077628493532;7,27621192677346;1,71064945952316;158,661312000313;;;;27,4977373869331;327,118017556708;0,136841980755715;;;;;;95,2923658606499;1,8478033634716;;;;35,3311154144615;11,6861568786945;5,1823731066249;;;81,6322371165969;112,236810093218;5,54232732277315;;;;;;24,9215598268484;29,6045273932539;;82,463045866339;1,75209832227351;57,2331596334757;;0,33558485521576;;4,11711876554935;4,25722563358078;83,3350593596725;;;;0,969842305942492;68,5108779279711;39,4427275830137;204,731019508545;2,37920113339662;1835,17030053696;2,06650961369111;;;26,2698869088879;20,0233536585821;;;1,10352091842089;2,98313031653946;4398,41198375427;3421,61929382545;4357,97360110789;3462,05767647184;1231,02021376906;240,661037489442;2727,46524168833;41,9995382549371;1911,26968134824;434,958596077913;2135,81041919861;108,017356801343;219,535865004046;256,420367605274;-3,97903932025656E-13;8076,44728852462
2006;;1,5510641452505;;;;;;41,179573854181;1,39931944672493;;97,1741774652363;30,0399732983545;10,0739687440842;;2,17422293623122;11,3456814730359;;12,8009543192782;61,6567725761439;;1,56206212065613;;;;;0,633461741514839;98,0441006614671;;1,66532419500122;13,892415302171;0,541867956666691;;2,90379659437116;157,228707935248;;;;17,4868611271689;1401,59738574565;18,7270126814276;;;;2,89044644509576;2,18989828501724;7,7293192699188;;;2,70211947059659;31,4831370092848;;;19,8109949336204;;;9,10278238646545;9,2905176403524;43,2741148166705;2,49787968452497;;;5,78542117940809;1,23052957894035;;;;24,4826853376274;150,226570680382;;;;2,44711796958061;284,588354609604;3,4971895083604;26,204037734099;;;3,05615750132851;0,486012589507773;;;;1,74338858909569;23,8468890826323;21,5183339548364;;321,747697161415;89,9634232859475;;19,677433598061;118,101298262934;22,0259231722877;174,795702624152;2,06497645397852;413,825745589335;6,65792277371452;44,2908775099859;3,61412715322109;;;17,4406319219419;2,36492813844746;0,825782058027417;4,15219937654882;;;;;;6,32521639141726;4,06332940889081;;;0,747186643815131;0,238985027593376;37,8441021891877;;;1,05253809862605;;;1,31847149769562;137,744558892101;2,61360757496462;;;13,5213604650603;1,64028713116325;;0,593751156389209;;1,17812119268873;63,013715201365;;10,8719056327436;1,54967216134324;;20,2369215518272;;13,5795971021922;;9,6606725532407;42,8255111378794;;-0,073795747800479;;1,62766957112305;8,82898024044067;22,8750215031869;2,99648358816247;86,5857522985367;31,3011589885937;8,61006583978567;1,70371836207493;165,697518501738;;;;28,8013535124575;338,971801657102;0,139610769939317;;;;;;107,554885035436;1,60667995611406;;;;38,5480916456385;12,3184187788379;5,71320203621795;;;90,9866759829604;113,620786111738;5,67638365521416;;;;;;25,2556418275882;32,0692269556091;;83,7374156469247;1,98547825145422;56,6263453290396;;1,01469906554805;;3,61848609424183;4,39310743905872;89,7645087044792;;;;1,10298065649613;72,659501815099;46,8237818029243;205,793136573644;2,36783459050241;1830,70949135652;2,26893952350993;;;26,378770546771;20,573171202961;;;1,25528850713845;3,07280893137844;4427,06371729478;3655,34622284639;4387,25128036784;3695,15865977333;1256,79658360908;255,604580388779;2878,14555077073;45,3421282632391;1962,9760148465;474,909565185216;2126,53446625316;110,928727065824;227,706768884123;270,698459148936;9,09494701772928E-13;8353,1023949233
2007;;1,62554100931675;;;;;;42,5898605941234;2,75902519113356;;100,252377149515;28,8156948656266;8,39413691714884;;3,10808804546284;11,5368789914173;;13,4704095716258;64,0574730130561;;1,7290142437853;;;;;0,743694645865255;107,250496780621;;1,92334832308598;14,7454337573259;0,606928768531626;;3,04795392434753;163,606619106205;;;;19,1204913191562;1513,48864034592;19,5575263402411;;;;3,27856378372543;2,24083071745176;8,10555986070654;;;2,93512676794288;33,2399286266745;;;19,1419950547867;;;7,67956902498823;10,4659500861761;47,0726809420772;2,49134847445711;;;5,79707008484542;1,31702946375564;;;;24,2143441287401;150,192722777925;;;;2,76695446806666;283,942709730121;3,67670472722349;26,471864229266;;;2,98192507535868;0,507408956403068;;;;1,85205243116091;23,4456086804345;22,4439065169125;;353,809175415625;100,418420410291;;19,8204403957412;133,006981622216;22,1533838837677;171,240472669948;2,06312011252913;416,052018187791;7,04950071097241;47,5142155782563;3,88625601476182;;;18,4902862160843;2,62430381300051;0,886373415897303;4,84131527025422;;;;;;6,6571254441146;3,24327646067075;;;0,792526292162088;0,23056765878753;40,4278166917977;;;1,2923985367959;;;1,29714447902919;135,850937681078;3,34506730972267;;;14,8134438875675;1,94626416206971;;0,688243398774545;;1,30683081879951;54,3977030541289;;10,9441747785534;1,67602216387803;;22,4514223282703;;14,9836408534612;;11,1090554172709;45,8437006470232;;0,154002048830351;;1,85472381282257;10,8046476199455;24,6894367110107;3,13110141783197;88,7325863903874;31,5253706338169;10,1220287889434;2,03387422883896;172,673859890455;;;;30,9113943709752;358,47132425388;0,151025940619735;;;;;;100,915823339204;1,82602600788733;;;;35,813468784154;13,2735758134994;6,23933635465327;;;92,8034177099431;116,93277629062;5,27017447816426;;;;;;25,0542443684307;29,3365476537542;;79,1544709909267;1,44223945569991;57,8634798774456;;0,358334704031436;;5,25725001418335;4,47906447997859;99,5425790390082;;;;1,23420883080486;79,9404462982273;51,670242183726;205,326931505008;2,50801968686987;1812,01346374239;2,39370532691009;;;28,8271072543032;21,2967656602757;;;1,55213455294553;3,01094566556729;4446,17411339806;3864,60714046432;4391,84276595604;3918,93848790634;1258,26584546797;265,462726147598;3041,16646783692;45,1377070174789;1990,96728293129;494,362930600349;2112,23232904252;114,398771846507;246,939658601821;286,315911797749;-6,82121026329696E-13;8597,0889778872
2008;;1,78558849209018;;;;;;47,1412877564775;1,78174121616026;;99,015006489213;28,3046116162922;9,21704470719968;;3,67153652701012;12,1960098668588;;14,2196452366196;63,9409487227867;;2,05511806712963;;;;;0,910243747636396;120,961450836852;;2,10254880649821;15,0110422170497;0,61321460406846;;3,60968607652938;159,302864560105;;;;21,8221458501925;1629,1095711129;20,9668976140547;;;;3,45008796020877;2,23945509836942;9,2028170541352;;;3,22897599334077;33,8929411691937;;;18,6582765086947;;;7,42346359944177;9,73386736132207;49,8831247872016;2,42317969467171;;;4,77639030130337;1,45686819191067;;;;22,5639642344067;148,408258589798;;;;2,52580079826718;283,41478943127;3,78126117276941;26,527209519178;;;2,74288884538;0,532093979988728;;;;3,80679585219944;23,2911621589501;22,78736574163;;376,901070341849;100,433864775854;;17,8068281023167;139,320229466219;24,7664573667655;167,972720597883;1,91670567733857;410,127914250805;7,80571239929485;43,3681325299155;4,12692124783304;;;19,5101836998337;4,44006636942587;1,05599389108759;4,43047068066825;;;;;;6,15859309362407;4,32823205652314;;;1,1465695875652;0,254119435272628;44,8180816763946;;;1,61466979523914;;;1,45380378470565;137,873069093368;3,57127387996104;;;16,361339554322;2,25591626328552;;0,882473965105068;;1,67574502233654;60,485766940561;;11,0444315133085;1,54371702117151;;24,623564387207;;13,9050050956377;;12,0933086249741;45,7680643375876;;0,02471827373624;;2,22904993939682;12,5223609451304;27,278041809575;3,29713721827933;89,83411740227;31,390864380739;10,5450387398312;2,11614879796778;174,407515095579;;;;31,8025026440821;364,561944462375;0,15134332910978;;;;;;113,279601323605;1,94926216363031;;;;51,5189225710989;14,1647373709799;6,37742730193929;;;92,8704944391082;107,333597302077;5,62965548651528;;;;;;24,5618403402511;29,0928805802722;;77,5713815966916;1,76040250907161;60,6638647184035;;0,344461579996952;;5,07353021546157;4,57305230319953;96,0606505116156;;;;1,30526949047643;81,6362571484215;60,0790916377225;196,401902535602;3,14655172657976;1723,62177179494;3,0283033017212;;;29,0628137739194;24,0848189446886;;;1,77394592906195;2,8322370489716;4333,96812167449;4122,04495736286;4276,09433229165;4179,9187467457;1248,97995910823;279,366506026694;3209,69560925862;45,2763408732521;1981,8052898145;532,103138449849;2021,569624823;113,910700976166;271,70947316781;289,056660364082;2,95585778076202E-12;8745,06073285122
2009;;1,88717108203927;;;;;;43,0318303193291;1,60644424064218;;107,649131145538;26,0085931616414;8,7016891640937;;4,64560309285205;13,2957171335387;;15,4015480625675;54,7320936973956;;1,76298889180348;;;;;1,05147748587156;112,943637236348;;1,76257351264387;12,2555731299711;0,80363744364337;;3,176563890722;156,989746544202;;;;17,5200023469461;1834,44121877281;21,5838190020641;;;;2,85182413739889;1,9435899352619;6,99898721163885;;;2,38302428542301;31,1499063774497;;;16,9820826694531;;;15,1279874933482;10,1507449825134;54,3272851563909;2,1568463341207;;;3,84021070945902;1,53017216391728;;;;19,0484956064065;137,817754762528;;;;2,05974002804815;265,442256876242;3,21130242090798;28,9250305161943;;;2,74679549537106;0,895158102764858;;;;1,90278879158359;19,6775821491281;18,9249226081881;;416,278082197825;107,888162843443;;14,4164586708919;140,753521811689;21,8240720969366;154,261989991307;1,5036551528375;380,978808163311;8,25721659136485;41,9846581103525;4,69131891542414;;;20,9437955354144;3,57082691590756;1,36289868404917;3,28113115557268;;;;;;5,79376541870633;2,57086403647768;;;0,958062760441031;0,246998498335604;42,9620061641229;;;1,2664324450172;;;1,32743396865753;132,615512454426;3,67076804892109;;;15,6003973896619;2,34951502352857;;0,807681737951258;;1,00276808737524;52,9227630219731;;9,71770474156569;1,50990546410013;;23,5814737375258;;14,0464542427282;;12,0117088137007;45,601515654831;;0,325720119127824;;1,93880318957122;12,5097921704124;25,5277565936994;3,42967293756194;84,6960680409668;26,0585032496131;12,8531446233082;2,64882042232488;156,864339492344;;;;25,3337593674462;351,208707325851;0,1505334853163;;;;;;129,222721629779;1,71226979186689;;;;28,5730627610308;13,2941192837928;5,28860203373535;;;94,7067773173228;94,3087058455163;5,21502219013899;;;;;;21,0810733709631;28,3549101430604;;66,4206408932884;1,59513966964466;60,8495483085371;;0,595081668308877;;6,77193468686952;5,17343084883608;89,1113390702689;;;;1,4799755067708;68,5545001295983;55,4007607002114;171,597277989739;2,70469599312773;1577,3605302656;2,77810110735145;;;35,5638570580808;25,9873253685388;;;1,47054800415786;2,64388052267808;3992,73073198175;4325,53483925972;3937,23957370388;4381,02599753759;1129,08316754397;291,402715672178;3364,6138488122;50,3577669745637;1807,55350209792;551,401905664163;1867,55274331008;122,808223843684;262,574864866679;277,016470829154;2,8421709430404E-13;8595,32384711447
2010;;1,80524263559834;;;;;;46,8914493838481;1,44518100088239;;107,800716228659;27,6226081540102;8,25589925318821;;4,95636093830341;14,443105172912;;16,8558124844348;58,9796534468477;;1,96174223422809;;;;;2,75150560611362;132,320687348668;;1,78995571658704;12,2646514181548;0,867747639743828;;4,30353375157245;165,693087012501;;;;20,1060184203743;2002,40190402617;23,2914228328662;;;;3,03544779675939;2,20123119670499;6,58841786620984;;;2,36133260689437;32,9309846712818;;;17,0167702264949;;;19,5741427908349;10,9399804577404;55,1614147799126;2,16221950112622;;;4,7065557689155;1,37038476931716;;;;22,5501734746219;137,354943837216;;;;2,15957135245941;278,960997292572;3,82949630599906;25,0840713891362;;;2,81933424767416;1,18506048594653;;;;1,82702590156918;21,8429722311216;19,6931908978595;;430,585680374959;121,572927057986;;13,6606094818559;131,237337653049;23,2477326202418;164,884293610429;1,51941694368124;395,078990718322;7,4267646952933;37,9065627512278;4,66189063894191;;;21,4419820862486;3,10062125466443;0,616343355788748;3,64590197480627;;;;;;5,63908053041864;2,9420495239862;;;0,874989811431187;0,247142955998323;48,6522738193115;;;1,61208072613715;;;1,33426924786767;135,184960567573;4,00588196585108;;;16,1826169252542;2,25249584253574;;1,94662914669412;;1,20958298698415;60,7036395889272;;9,91041157353704;1,46337326610778;;27,24840539981;;15,117324680872;;12,4034061362075;45,2427144204094;;0,3144032941099;;2,38252137314569;14,381943533302;27,9160609302949;3,56163519078294;89,9978226242956;26,1563953222358;12,0245905090156;2,62409011956073;177,545313590648;;;;25,6736351339693;371,723427609107;0,167217822508398;;;;;;141,340180272232;2,00395530019511;;;;30,0006171912484;13,9691109564926;5,44183090959617;;;91,97988707565;89,571527493908;6,01336667280707;;;;;;23,5110236173414;27,5355150747913;;79,669321844457;2,13069472495025;67,32873248444;;0,538928522455936;;6,7890418355419;5,607990174583;96,7288279010655;;;;1,62555275836864;67,7938679299537;56,2901400780768;184,712237546409;3,03274678422539;1628,22421094743;2,71453161663843;;;38,0184161982762;27,6985670018414;;;1,41291888762027;2,52854941481566;4144,02445425758;4651,40747107156;4103,50832489487;4691,92360043428;1173,52335254461;299,126837078884;3628,19265017356;58,7939993381204;1884,9562232831;576,748558488983;1929,52749986114;122,295812266053;295,790344839309;294,691379299615;-1,87583282240666E-12;9090,15501684522
2011;;1,95007831088555;;;;;;51,781207922174;1,44069191789828;;107,54331521536;28,1548494132308;8,81998639669997;;3,41625434710587;14,7847631862052;;13,9346367517109;60,0171897711771;;2,4428447604856;;;;;3,43922878278593;141,706158589173;;2,38832816102109;12,8131982539161;0,768572074410904;;6,05568728551281;164,105175888966;;;;23,0236726450227;2221,04474756183;24,0556094574936;;;;3,34925526559218;2,14238436101078;6,34211086585703;;;2,27907490211804;31,602155894259;;;16,3355838190335;;;14,1521584814429;11,7518193205066;58,1849831405874;2,28783458140598;;;5,33137671759888;1,50620712770674;;;;19,2977167565006;136,764363272939;;;;2,74654573331472;267,955997650167;4,77552774994749;22,5005840724304;;;2,61139952938429;1,29569977064395;;;;1,87336023731363;26,4949881146974;18,9015644043504;;445,169406398163;137,508967280017;;13,0642266267721;132,976321730976;23,8463764576563;158,949338226942;1,6064592235526;417,076214162367;8,18495193274278;34,4175953467767;5,31592001566839;;;20,746439436334;3,51436041633328;0,607629732120893;3,67661829345478;;;;;;6,44303738569435;3,32358648060882;;;1,03084128542989;0,268186880697111;51,9763968598763;;;2,22314470726076;;;1,36045173015758;146,740538315704;6,35952087886443;;;17,1885819393076;2,95897760313785;;1,92083060952966;;1,31786900111037;57,7377077832327;;10,0496923582511;1,49933933798309;;27,7962009551964;;13,9700871566639;;13,3175801171966;46,0244730942812;;0,005576304117887;;2,71606948158267;14,9688114830735;29,8849228820507;3,97464275464162;88,8496456557015;17,1930402102782;9,46986418067554;2,53722233457658;184,063095633564;;;;26,2848416749685;388,836064333334;0,191386885408634;;;;;;135,732654653596;2,50756313764342;;;;58,1059386685426;13,4012589543867;5,83908781172831;;;91,715178691723;87,6079087312124;8,06249755180433;;;;;;22,9960051046245;28,3749887454363;;82,9906807553337;2,08080182230976;68,9869413715887;;0,517813472623361;;5,08519473088222;5,18346115668938;105,870001816182;;;;1,77836871703323;73,3484451281502;60,3923282672484;167,148008757685;3,85696099040679;1588,12978436146;3,21419954872915;;;32,7529708299362;29,1883521811352;;;1,83585227764124;2,84809452409361;4090,85412895971;5005,17479485477;4056,65349789246;5039,37542592201;1135,88521344044;316,01793782478;3958,63694046049;51,1844190347175;1853,17520481225;583,227983993376;1899,59629086923;122,878786054964;311,311360764673;302,479061970278;-1,64845914696343E-12;9398,6000400427
2012;;1,86803606278778;;;;;;51,7885102280849;1,77895465663977;;109,634386840277;27,1760872110259;9,72544117903125;;3,36820044193123;16,7816170599395;;17,369927468268;57,1136346933278;;1,96874257206927;;;;;3,25216336051502;151,036581763076;;2,47118127568877;11,9747710966947;0,89552228744286;;5,91816809564946;157,760883545248;;;;24,1956316798009;2319,39149245336;25,8305211458305;;;;3,32861156787627;3,05359698834303;6,41369371280679;;;2,22389982028641;30,2411434068678;;;14,4219123263202;;;15,8795604725027;11,6161717140602;60,421351997454;2,16855296172302;;;4,8062611934617;2,04370877181462;;;;18,4945003716564;130,882708326374;;;;2,96454276647316;250,330449265937;6,07306100109345;20,3675301421555;;;2,62882475892113;1,24991025376955;;;;1,90599556841696;29,5652212481047;16,8570209183404;;488,502995626395;146,783818581519;;12,7595979595031;148,681799945262;24,0266510216444;144,219519107559;1,5357658194931;432,874108280436;9,36427000831143;35,2981506620149;5,58721365279016;;;21,7265652591674;4,93863975486025;0,712117704170221;3,6333757274325;;;;;;5,79857905195932;3,28370274227014;;;1,10979239440283;0,29231462592429;57,3839878253891;;;2,17029470002286;;;1,38305039487665;149,687900846223;10,0112527431016;;;17,4874472118085;2,68524945703848;;2,4843176448329;;1,38341915432834;51,6775983819405;;10,5888774553199;1,55746781847184;;20,7873563325789;;13,1612252410128;;14,7488682235703;46,714190982049;;-0,586989139684917;;2,54682674503819;15,8656323633446;32,3266037458116;4,43420313506099;88,588641714009;14,1858947177134;12,1586415959993;2,68908408440878;178,920034005038;;;;25,3603966031565;401,574848953346;0,224297001516771;;;;;;149,50604577285;2,74228823713093;;;;66,8048230138984;11,8329584408399;5,15599253250274;;;96,7134256361402;80,5386813535706;8,0694961979713;;;;;;21,1545046344839;40,8728597186335;;76,9986191861621;1,80821751573957;71,3137642639234;;0,582971893391839;;4,09757157934879;5,56815960992335;108,763629243512;;;;1,61858766039375;74,493284749243;62,6855087122483;173,514910066485;4,10660761696451;1542,63498289775;3,49007427764465;;;24,1472517706201;28,2425223821557;;;1,96585426591903;3,24370600489254;4015,28461221988;5220,16088249733;3971,62950912146;5263,81598559575;1061,66335015222;325,290581472713;4140,85823968508;50,5328621553908;1813,86075933708;613,126355414719;1850,83488058522;124,748935978584;316,19288008842;299,305773219534;1,47792889038101E-12;9534,78530869257
2013;;1,79514982067279;;;;;;54,1669870854399;1,64800436229348;;103,882538114759;25,9030485134853;9,92144000562178;;3,4368314434503;16,6570106026934;;18,1167526777537;57,3010791743638;;2,10323559935421;;;;;3,27757534541858;161,331501528486;;2,33817728851297;10,4230642193227;1,00734297006467;;6,82244150894829;157,74589963903;;;;24,522000113652;2381,26200203198;27,6660451710998;;;;3,3220233821744;3,39983073338252;6,42360454737958;;;1,77236691336035;29,7266608230065;;;14,2748343382658;;;13,1681778080487;12,4497239816046;58,3061437291726;2,15486698228638;;;4,68823388268603;2,2553241624387;;;;18,1488965754157;127,343009537301;;;;2,84164494235841;253,585296347538;5,5483586673798;17,2936137443909;;;2,92947955960836;0,561184005789893;;;;4,78299795237367;33,3657596587078;16,551064384517;;486,187066017707;139,991626841712;;12,6922778567308;138,396246954504;21,6657322665417;134,102127884251;1,63909109663361;418,499127153877;9,69745948977879;42,0401495837816;6,39749707412873;;;20,9019714906179;4,66593126857664;0,913331329959338;3,47784605125993;;;;;;5,75727319071977;3,168222586832;;;1,29730896969675;0,279812092937134;65,3056483971622;;;1,77110184031896;;;1,39635904517025;152,021232332707;11,8637965515936;;;17,3489867015991;3,67663389608925;;2,51039832197408;;1,61038293750777;51,7006180554773;;10,7354317311099;1,57521700835104;;30,6776113492727;;13,341835638468;;15,541022018169;45,0650288635075;;-0,328193448063607;;2,68579768155048;15,6997937137586;35,2374688517234;4,68191036628734;84,9136743524894;13,5828607945511;12,7681469084455;2,62566585908566;179,234990747534;;;;21,7536613768011;390,991466441114;0,210228789042881;;;;;;146,394002240665;2,68106440753793;;;;70,7701410186523;11,8055206128284;4,93206885780665;;;94,9117096610955;75,229592760201;8,28327731116614;;;;;;20,2288754903518;38,4667293962992;;79,1056585846413;3,23841085370348;72,8013373365846;;0,40978246465022;;4,07965664120284;5,62412501211342;105,710437206408;;;;1,64265788909598;74,607764611453;65,4152175737099;168,774264296692;4,98864998128143;1566,21521895334;3,38643911504321;;;29,0971427705083;29,4685693572858;;;2,06647756205514;3,32194431059278;3969,13954355408;5342,98408625637;3938,85925578287;5373,26437402757;1028,55049471165;338,173670823834;4213,1656523053;50,0331271656346;1761,49188154701;615,508760640895;1876,74260808956;119,875333630929;337,13259560728;303,679959392696;8,5265128291212E-13;9615,84800980731
2014;;1,77742985682104;;;;;;50,5552919914015;1,58816246003733;;103,713978312946;26,0122346972112;10,1711406048714;;3,94985344603403;28,5775149851805;;17,1965979805342;57,9114466114671;;2,08690963123144;;;;;3,70510762907902;167,118477282593;;2,37215751550107;10,610236724489;1,03335040494059;;6,38834129134052;152,489955595791;;;;22,6660371748549;2405,99195382886;30,9790246464234;;;;3,30185891883554;3,61601030636289;5,22092574264415;;;1,93277561890474;28,0321487443489;;;13,9086626982374;;;10,0508328760318;13,4612111338035;65,6371307678366;2,1776224251873;;;4,72656662826308;2,88521867869108;;;;16,7706326869417;118,609396735408;;;;3,07181023449398;247,311266760858;5,74781840767477;16,2491451819773;;;3,1120896508867;0,563265964143416;;;;1,99692189534379;30,9222991935938;15,7978978756919;;534,885038918558;139,18818158467;;12,8670675303132;149,203339583789;22,2006296487897;128,826407917643;1,64949628107695;394,468582624355;9,75122332691567;42,4194727231964;7,57966470019717;;;20,6141531942762;4,88928119732713;0,961546214585742;3,24081134133491;;;;;;5,800363559972;3,09249630758099;;;1,35459986044205;0,259057290987295;65,3072433208424;;;2,07739162632802;;;1,46039718361174;149,709050238794;7,96383488128865;;;17,303975032533;4,97075166790213;;3,14050413195838;;1,89733056732456;46,5940505272021;;10,6662994815;1,75810657043288;;32,0754679165057;;13,2319087566267;;16,3187539963086;47,2401407303025;;0,059689998602828;;2,75386308019741;16,8547483617946;37,0632094599296;5,35221004090873;82,2950087669756;13,3475733178484;15,5062171238005;2,89245585677933;183,668216136142;;;;22,2781082153666;380,799603133526;0,251141177712958;;;;;;166,23142544596;3,11191348884086;;;;51,263300344672;10,8081966138103;4,79678666689465;;;94,8455613233958;76,6969295776288;8,76570884666976;;;;;;19,9659972902092;37,6012160741972;;79,9556073599496;5,41937534956662;69,0752475209823;;0,438436887642467;;5,2642276636618;6,06457585836814;109,030964330396;;;;1,78282677184013;60,6915029042459;65,7878526996306;162,786863228305;4,94946621786471;1593,01885050098;3,10371661839129;;;40,9399147423692;34,4013649127321;;;2,34456812552756;3,4781334097138;3902,16765086091;5471,64071338159;3900,80099676831;5473,00736747419;995,780525965549;361,762518424802;4272,44196917321;44,4898703215219;1693,868764703;630,15346858693;1896,05276451028;119,743832608896;355,295175913861;305,789817785;-1,87583282240666E-12;9679,6383293055
2015;;1,61381454024312;;;;;;54,568893905851;1,60626103905843;;104,18397607454;24,3147349063431;10,1444902172519;;4,97297958691314;19,9463579994272;;16,3807465833684;56,8705516349915;;2,13304803682507;;;;;3,48853886229846;149,600370452456;;2,06110068882446;11,0593600317883;1,2292057578959;;7,77661126186951;147,758343750672;;;;23,5252165299804;2420,33465707213;29,91318545536;;;;3,29975048673948;3,57741376623421;5,863907183593;;;1,82624574896035;28,5144182397113;;;13,3969790091482;;;9,84347782343307;12,8753326976079;67,4261855727992;2,34681795651085;;;4,91025025438991;3,12147522889089;;;;15,0444435984639;115,301589251098;;;;3,19732869458988;243,849299538574;6,02779170635787;15,2522626334265;;;3,66649417444681;0,658074473106283;;;;2,2212199320508;24,8386923466161;16,1773531363146;;571,83440351039;148,94068013022;;12,6619370931497;162,161774303193;21,9170491253497;124,007686308459;1,76177379700372;371,256074186819;9,68475140858157;53,4539452944094;7,55082936819235;;;26,3679034516185;4,39128606021536;2,00405735792873;3,26683671332813;;;;;;5,57196457046839;3,00297375875683;;;1,32481701023328;0,270106427971685;62,1904045258219;;;2,30003514901316;;;1,37472748760065;147,186686882458;6,41641431236396;;;17,3827837867883;4,19383260488545;;3,01835220685223;;1,72720725526096;46,1908239208775;;10,5530650579896;2,02563546714685;;31,8931521222069;;13,7665280945886;;17,77328630381;51,4510704004266;;0,381099819334966;;2,70962934103294;16,8625326283006;39,2515660010355;5,56056557871769;84,892127796975;14,1677594517025;18,4558937364946;3,03955086945909;182,217149088311;;;;21,6961349162388;360,971811879083;0,294485224403961;;;;;;190,897864087193;3,28820919860238;;;;44,7620648888582;10,9967873192224;4,79961250269067;;;91,3768601888191;76,8740015894314;9,46194730442046;;;;;;19,4508380040201;38,8531970656758;;75,6193640021844;2,43626548363199;69,3134917994106;;0,584404595032096;;6,30545995841342;6,51186638662785;112,815888268689;;;;1,84212166267136;50,4588325254527;67,0391783755949;160,65516492135;5,25932701063399;1580,31691245232;2,93324490071298;;;24,1630019407469;40,304540747285;;;2,24812499866045;3,65735694349302;3817,9527637357;5544,20963716224;3846,72590581054;5515,4364950874;982,260914261136;363,859582922097;4288,44675138522;48,1101778816158;1649,82554303877;691,05778585246;1876,17342156657;120,529562341441;324,159575909768;316,617825179359;-1,59161572810262E-12;9678,82498947448
2016;;1,58910419358379;;;;;;51,1072794850318;1,50682048634208;;101,353962006043;25,2028620821796;9,69384202043506;;4,9307116170563;31,0268499211206;;16,0337855224908;56,8048103273358;;2,08887989741853;;;;;3,61821492867605;133,152516989128;;1,92513893090139;10,7925608588466;1,2285944623786;;7,52244872861928;142,326655220094;;;;23,8622438111538;2419,49447488395;29,9034246968955;;;;3,33815062610519;4,1441442435106;6,16473862863572;;;1,87441773905733;28,8369032477037;;;13,5070409104815;;;8,29305507831322;11,7466134148388;71,011949109765;2,31784214736538;;;4,52796518994367;3,58498867640451;;;;15,5858143155919;117,247348889485;;;;3,16253742938327;248,151485966861;5,44481513887523;15,5762790946937;;;3,8889987782377;1,3960708708411;;;;2,09762101777472;22,9567460225565;16,5319408753559;;594,765409181519;149,899774415908;;13,3709282306403;150,929196281407;21,9588929549841;120,44864299543;1,90906739994525;363,459591147703;8,72315396810957;48,9486899896362;7,5216925159607;;;29,267204008045;4,65197018158643;3,47769031519912;3,28248188842062;;;;;;5,83722163943845;2,68249886953333;;;1,30873468362325;0,33768401320648;61,1178255785545;;;2,50412572802595;;;1,44105025809592;144,315489772501;6,49629629183656;;;17,9283122322198;4,38445907646489;;3,06165935863848;;2,57519542590847;46,27593313753;;10,4027808636112;2,02953455289971;;32,3236239922322;;13,4786064527816;;18,4735211504558;60,1528407337035;;0,604274466332162;;2,90828784529479;17,0144747802934;42,4720125639695;5,90889435703915;84,3644215255228;14,8790124265542;19,5524521095971;3,14548747601612;178,97372737424;;;;22,0444542795744;372,470964693041;0,305886378360194;;;;;;190,095515067122;3,52463069216227;;;;40,8679922488338;11,1002750891729;4,99949284094345;;;91,2005445076557;74,6940142544302;10,5411352885978;;;;;;19,4338523252267;44,0939221553345;;76,5932434639826;3,62668962619745;69,4500964492262;;0,657474624911682;;7,60633945483078;6,3275351206427;114,622697899335;;;;1,90361103914328;49,1004465248999;67,7917466748447;156,531376590842;4,51535252254113;1544,95816732055;2,66670162360137;;;19,3057489142658;41,3378928507782;;;2,10524266090429;3,20602589935586;3781,60737580634;5575,96211746507;3795,6475591057;5561,92193416571;986,721523356615;367,570618995142;4323,25387776277;47,6831897579506;1665,82269410089;703,79529857631;1832,12320589323;117,944176215529;299,376431969582;320,327221580295;1,81898940354586E-12;9677,95459894738
2017;;1,62126441893657;;;;;;52,1213359769252;1,58236389652553;;102,942329433289;25,0755614887175;9,35133099265908;;5,33042075158124;33,2785704755302;;16,3525465583698;54,9403314533897;;2,10207229695859;;;;;3,1175398910043;136,057397180006;;2,29266601408844;11,2081064887151;1,36607914992649;;7,92800020608517;144,036244387055;;;;24,0591784903737;2495,22058835085;27,7663236765543;;;;3,37250265560676;4,14446192019089;5,97903921212969;;;2,13717178593033;30,2196664105535;;;13,4346034218412;;;8,34721511018516;12,2513595955684;70,1442875288426;2,14184067889884;;;4,59637560955137;5,52273057639979;;;;15,1419845400893;116,652154048468;;;;3,07058995791374;245,113057438879;5,22663557624897;15,4698227478923;;;4,18107053251065;1,40796127680641;;;;2,2157326360368;23,5838857785689;17,8957131452183;;620,494000762801;153,861430602285;;13,5920113590815;162,14499091031;21,1376524607615;121,814930313946;1,72078812450373;357,631719046649;8,6830275557007;51,2620181795588;7,19613124844658;;;27,3004843097482;4,53643280254183;5,7815439268891;3,89397129824759;;;;;;6,07293861845167;2,65262486917904;;;1,55453892793423;0,311004181500072;62,0184884184585;;;2,39143405168752;;;1,53921750389215;141,000930623017;8,31199124140391;;;18,1960855841678;3,49269835062681;;2,55768397673066;;3,173930010344;46,085612555936;;10,4983212909769;1,9807292140142;;29,7057343456751;;13,687882764441;;19,186700632539;65,7008486088268;;4,88873529031675;;3,26277243747297;17,3661459802338;45,7442620341507;6,15006051734366;87,9174091599454;15,8727177823004;19,9116137854006;3,0622255118171;188,300934309246;;;;23,1530233956979;382,175298167107;0,45536224586138;;;;;;181,822973216834;3,7160159562947;;;;42,7106500355458;11,1576284984912;5,41192651775609;;;89,1837562933615;80,1314866084272;10,1556213136917;;;;;;19,7198836009699;35,0087308215971;;79,1188793204407;3,9968116943615;70,6371726464821;;0,536979767563547;;6,76569417905807;6,31040059421668;120,882413776646;;;;2,10188219015017;49,4512130798305;65,9104089606124;149,090436307634;4,54340184512444;1536,88464523117;2,72111053781355;;;17,7195123132588;40,6173947397205;;;2,21523140426485;2,61753535431381;3775,78742872913;5721,74785427149;3789,234948129;5708,30033487162;997,731186421493;358,314709581203;4464,33785649891;50,0361564127007;1671,13506668059;710,899048418094;1822,526833189;119,234341442195;301,051270777924;334,645954584541;-3,41060513164848E-13;9832,27384306094
2018;;1,62228340235628;;;;;;48,486128479426;1,94168030845989;;99,5873945308393;24,8992487446785;9,64608964959444;;5,42971921436708;34,8371129478177;;17,3184206360596;56,9189516563415;;2,16032934520455;;;;;3,1749670368949;130,548783028036;;2,56006564756248;11,0871060108268;1,53451048644547;;9,15181442179467;144,215180193444;;;;25,1824470677176;2624,29532395875;26,7276980576321;;;;3,48313607335166;4,04788805933095;6,61724494184424;;;2,12979213362837;30,8834149614619;;;13,6862069353027;;;8,67711815137057;12,3486201507744;66,2733627804726;2,39063610004517;;;4,91597096410841;5,33528002407835;;;;15,7937862013962;116,414551584128;;;;3,40297975974831;241,064026132329;5,44380972496317;15,7247391135855;;;6,31063198012737;1,41897326240785;;;;2,17810789965905;23,3922734071553;18,2627113996601;;661,914435751016;165,234732167127;;13,8019955335984;164,32379698823;22,2525230206905;123,098783433837;2,00533258128913;349,724413749497;8,60861920566414;46,9151265060694;7,57150071520698;;;28,2004361266568;5,38359452346269;5,96978514084921;4,3882514375818;;;;;;6,26730933361308;2,61848867497768;;;1,39806319448792;0,723365665460861;67,5154813786644;;;2,8195454315914;;;1,55739830665032;142,608386063967;11,1874927955429;;;18,610367456382;3,5021379120418;;2,40403087060412;;7,35463439420207;46,3288917285089;;10,6253933911374;1,87983279471872;;27,6230429177416;;13,5420348127144;;17,9503585668523;62,1683351927269;;4,67468534763488;;3,45498956854033;17,796372061376;47,8812228291764;6,17280457984779;90,5960021305152;15,2435950317728;18,7005605037022;2,84178784301232;197,109078467254;;;;24,1225392124522;371,908555010126;0,518396832566663;;;;;;179,588271097415;4,03160830362556;;;;44,3985261436162;11,4943255805245;5,77239244385353;;;88,4007727972884;81,0155225250065;9,74234155952122;;;;;;19,818363777921;34,1198149746815;;79,8716050996514;3,35013607260438;74,6017287318951;;2,15285679940848;;6,29541701419725;8,03217468943515;116,565449098689;;;;2,11915332674923;57,6730358387617;67,217138178218;145,634364941052;4,8341812547457;1582,46507164671;2,87955836285734;;;-8,6572789508612;44,5514285012518;;;2,25434996694721;2,900169803413;3811,44666277325;5878,82525626482;3833,10050470637;5857,17141433171;1005,78375705505;356,983951216381;4663,0949428906;51,5644884260673;1673,36837053755;693,211708514305;1869,69543241057;115,631855277928;266,721169764674;344,274353805644;3,86535248253494E-12;10034,6465906979
2019;;1,59180105735869;;;;;;45,5886669477825;1,88987333372631;;98,853509102183;24,3316214111234;10,3426538781425;;5,89392022740284;40,1831189698362;;17,1922162147911;54,9256216633537;;2,0379345985018;;;;;3,22491861828719;130,066984496769;;2,73578040153344;10,8069570924975;1,67532075882525;;10,789330985595;143,142610691713;;;;26,6515643875482;2710,90651993029;28,2162023699011;;;;3,36878352139097;4,04065901244127;6,40999629497925;;;2,06796125684846;29,6793914169346;;;12,6869855693292;;;9,14689254717754;12,7462742802175;69,2579677807714;2,59432656555209;;;3,9967148927225;5,51102082955632;;;;14,5337564195495;112,981260577145;;;;3,26729269180964;229,634337541314;5,52345764737012;14,3166849481411;;;6,51991753715311;1,60513278256755;;;;2,48068256919084;23,3134663475691;17,8177144121294;;667,989066092073;180,303650040836;;13,6572575640456;169,691870631171;21,6359125529441;118,596059686357;1,95536223304168;341,405882628525;8,35179835877788;44,1364311478221;7,8065862928064;;;29,3337460797855;4,72900960508605;5,9343540937717;4,19187737260088;;;;;;5,94464076135715;2,54399623424956;;;1,52157785725741;0,708740979266682;68,1115647465188;;;2,67415833097916;;;1,57614590999925;140,432407120524;11,4670819967131;;;19,7447275669028;3,69496801994048;;2,4577655760248;;6,89843458463581;45,6787404578757;;10,7721072091335;1,8290531974502;;32,5837674762186;;13,3768171492722;;16,7750617359926;61,9413088489131;;4,76044823689471;;3,42863418104001;18,3906190541929;48,3891659828534;6,24203241259926;85,275263879158;14,2847614445152;20,2024860047887;2,77876793293801;193,122955707857;;;;23,2398987871164;378,938937171494;0,538268718302661;;;;;;186,449022105333;4,17110478224938;;;;44,0189148156168;10,9801926315348;5,6171888098557;;;93,9351523030256;76,8987678820148;9,9620981351233;;;;;;18,7612595868038;33,1886243084665;;79,6809133269675;3,47602682917757;74,2513287744757;;2,20831012989364;;7,20138672200047;7,7576630796001;108,53144411784;;;;2,17501375637014;56,1853038694899;64,5035384437465;140,236906115968;5,21907876598003;1551,76956417483;2,84981304840295;;;1,5748123592185;57,6529354264444;;;2,41807803857691;2,70699552629075;3726,75262087434;6037,32817058303;3731,40929341152;6032,67149804585;962,533066924531;378,594929094588;4778,15013899996;52,9896594062673;1628,66608991116;697,27269755409;1835,73609858659;115,066518932163;277,604658972559;345,030166414951;-4,54747350886464E-13;10109,1985229514
2020;;1,6433960339521;;;;;;43,0358068523335;2,0301996854732;;96,4720579493784;22,0586220183369;10,3114092990012;;5,96232764909849;38,2966107205943;;15,9741386590658;48,8079722750703;;2,32682140210771;;;;;2,97591382733659;116,693200322975;;2,83865798101915;9,79522896699856;1,50598591905241;;11,2404150499954;131,348841242038;;;;22,6956373470226;2724,92658088425;27,0373143097134;;;;2,99432784454133;3,95832183050523;6,15602839343701;;;1,74127559510655;27,1949725100584;;;11,6015950418621;;;7,92776217371592;10,714956319094;64,1006192803179;2,34618101123728;;;3,40019532572598;5,74491439084997;;;;13,1254090121405;102,52200559737;;;;3,51406566158928;211,047318373725;6,51224801383744;14,109821985962;;;5,84747809758304;1,5252317047262;;;;2,16153450935107;22,5296204915285;16,5613481238204;;613,464047135018;169,924721443107;;11,9598314503575;170,091150276252;20,1129967774969;105,588149843095;1,87946456326063;324,292555904986;7,59601057474288;46,9916178652172;8,2088089255053;;;27,318015394065;4,40850003089935;6,01663540526582;3,75996669172653;;;;;;5,47156528285741;2,18466094085902;;;1,47813900525062;0,788757428831921;68,3845440103254;;;2,3036892906668;;;1,44181490028342;127,88893877748;9,16260564479776;;;18,4033966378644;3,4305617882226;;2,3091091345428;;7,05379425883745;41,4375080741714;;10,6315139941094;1,631844287903;;34,7868679881378;;12,8290934201525;;17,8334566949722;59,9331217821653;;4,35530789616422;;3,19277718147995;15,5745330076771;45,5390927665408;5,31778685743192;79,3020586637314;13,0073906019263;20,8409243616523;2,87854755481236;179,871205761055;;;;22,0690830917857;372,3845941298;0,527328879979438;;;;;;167,826065342538;3,82226612228683;;;;39,9685713420504;10,1352857063611;5,13267385191973;;;86,1906194259059;68,4871221866425;9,92828877482081;;;;;;16,7430659443749;29,2084181046218;;77,5506691910632;3,4457537626534;74,2768154262354;;1,9138677640281;;7,17192497150807;7,46636264227337;108,835465407926;;;;2,0720668122344;51,6008605240575;58,7709634292978;125,765574578353;5,30154933358397;1415,54518007974;2,79132692050211;;;10,6854909471435;61,3536223912888;;;2,05312572455655;2,36561782909386;3442,82414941434;5877,23569413252;3430,99106640466;5889,06877714221;875,703844840089;359,955938238012;4688,49081981089;48,4145541114011;1510,0575149004;666,243160350454;1675,12127295424;112,42835328798;259,348229893483;234,382304890121;2,1316282072803E-12;9554,51389744253
2021;;1,62607386560507;;;;;;48,3302244926163;2,12893676298174;;92,3331961792886;24,0644435629813;10,6029743723755;;4,91269581671068;40,902736140042;;16,7811749093886;54,4877611901271;;2,52160639450871;;;;;3,12837061020667;126,152480239823;;2,64261658934073;11,0668062508935;1,74057056477904;;11,4444918501732;137,008988197136;;;;25,8214873009982;2816,61818805858;28,6575005629529;;;;3,34683132982437;4,29168413116465;6,26941878732468;;;1,86544824067244;29,7846991006041;;;12,7417800120781;;;8,24931353672963;12,6625367796277;72,3946661846643;2,61662622087242;;;3,79443499290502;6,18127661393973;;;;14,1095387409936;113,490597318381;;;;3,75903049808333;226,667485251857;6,81671257433229;13,893332677784;;;6,59456849066032;1,67170806256983;;;;2,43095440385768;24,609231648083;17,9173625359687;;668,047066500225;170,307718551371;;12,6939422576509;168,943089542759;21,2284681051172;118,309705509844;1,91088310645878;334,310010104309;8,19854621998001;44,7656724296535;9,1004503779711;;;28,4566926014878;4,914576811015;6,72472505185797;4,17772529548093;;;;;;6,06933404030898;2,39506209174322;;;1,61852659362804;0,881413865439121;70,9597243605406;;;2,79389892949907;;;1,57131871698511;138,165042912176;9,61445673859706;;;20,7643694548311;3,84524709484935;;2,50583062879704;;8,03646108043992;44,8114914471002;;11,1556950098436;1,84497974746431;;35,975125305385;;12,1814054690226;;18,9648183838726;67,1836298603377;;4,27379176280646;;3,90576179833659;17,7035625552914;49,910049308853;6,07025797769959;86,6689528442773;13,3924460997146;19,5937750165453;3,03204122934214;188,086573169305;;;;23,4687813826879;371,117881263317;0,607527665706097;;;;;;169,78249686236;4,15860159971521;;;;44,938662250537;11,2546540677764;5,6497895536089;;;81,2547018257411;74,2860773508965;10,4732410324225;;;;;;18,6024218969249;32,3895088959206;;81,5575804543901;3,65078677491486;75,8103290779378;;2,17925136223683;;5,77393425264223;8,91210917937849;115,159767637273;;;;2,29241624929808;53,6645568255452;65,8179216686449;140,120109432671;5,86286005916595;1520,78962527522;3,28450018708502;;;10,9672706767574;61,9661495810452;;;2,0762671681432;2,58840946381834;3656,30078206508;6141,39133780993;3668,92761734439;6128,76450253062;954,727391430084;379,12609869459;4889,52164703579;49,7667869838878;1607,43972992437;680,588999564548;1796,31632114957;109,268456773049;285,664079749208;247,820160774294;2,8421709430404E-14;10048,1829803592
2022;;;;;;;;;;;;;;;;;;;;;;;;;;;;;;;;;;;;;;;;;;;;;;;;;;;;;;;;;;;;;;;;;;;;;;;;;;;;;;;;;;;;;;;;;;;;;;;;;;;;;;;;;;;;;;;;;;;;;;;;;;;;;;;;;;;;;;;;;;;;;;;;;;;;;;;;;;;;;;;;;;;;;;;;;;;;;;;;;;;;;;;;;;;;;;;;;;;;;;;;;;;;;;;;;;;;;;;;;;;;;;;;;;;;286,392329356314;;10139,1333876525
