year;AFGHANISTAN;ALBANIA;ALGERIA;ANDORRA;ANGOLA;ANGUILLA;ANTIGUA & BARBUDA;ARGENTINA;ARMENIA;ARUBA;AUSTRALIA;AUSTRIA;AZERBAIJAN;BAHAMAS;BAHRAIN;BANGLADESH;BARBADOS;BELARUS;BELGIUM;BELIZE;BENIN;BERMUDA;BHUTAN;BONAIRE, SAINT EUSTATIUS, AND SABA;BOSNIA & HERZEGOVINA;BOTSWANA;BRAZIL;BRITISH VIRGIN ISLANDS;BRUNEI (DARUSSALAM);BULGARIA;BURKINA FASO;BURUNDI;CAMBODIA;CANADA;CAPE VERDE;CENTRAL AFRICAN REPUBLIC;CHAD;CHILE;CHINA (MAINLAND);COLOMBIA;COMOROS;CONGO;COOK ISLANDS;COSTA RICA;COTE D IVOIRE;CROATIA;CUBA;CURACAO;CYPRUS;CZECHIA;DEMOCRATIC PEOPLE S REPUBLIC OF KOREA;DEMOCRATIC REPUBLIC OF THE CONGO (FORMERLY ZAIRE);DENMARK;DJIBOUTI;DOMINICA;DOMINICAN REPUBLIC;ECUADOR;EGYPT;EL SALVADOR;EQUATORIAL GUINEA;ERITREA;ESTONIA;ETHIOPIA;FAEROE ISLANDS;FEDERATED STATES OF MICRONESIA;FIJI;FINLAND;FRANCE (INCLUDING MONACO);FRENCH POLYNESIA;GABON;GAMBIA;GEORGIA;GERMANY;GHANA;GREECE;GREENLAND;GRENADA;GUATEMALA;GUINEA;GUINEA BISSAU;GUYANA;HAITI;HONDURAS;HONG KONG SPECIAL ADMINSTRATIVE REGION OF CHINA;HUNGARY;ICELAND;INDIA;INDONESIA;IRAQ;IRELAND;ISLAMIC REPUBLIC OF IRAN;ISRAEL;ITALY (INCLUDING SAN MARINO);JAMAICA;JAPAN;JORDAN;KAZAKHSTAN;KENYA;KIRIBATI;KOSOVO;KUWAIT;KYRGYZSTAN;LAO PEOPLE S DEMOCRATIC REPUBLIC;LATVIA;LEBANON;LESOTHO;LIBERIA;LIBYAN ARAB JAMAHIRIYAH;LIECHTENSTEIN;LITHUANIA;LUXEMBOURG;MACAU SPECIAL ADMINSTRATIVE REGION OF CHINA;MACEDONIA;MADAGASCAR;MALAWI;MALAYSIA;MALDIVES;MALI;MALTA;MARSHALL ISLANDS;MAURITANIA;MAURITIUS;MEXICO;MONGOLIA;MONTENEGRO;MONTSERRAT;MOROCCO;MOZAMBIQUE;MYANMAR (FORMERLY BURMA);NAMIBIA;NAURU;NEPAL;NETHERLANDS;NEW CALEDONIA;NEW ZEALAND;NICARAGUA;NIGER;NIGERIA;NIUE;NORWAY;OCCUPIED PALESTINIAN TERRITORY;OMAN;PAKISTAN;PALAU;PANAMA;PAPUA NEW GUINEA;PARAGUAY;PERU;PHILIPPINES;PLURINATIONAL STATE OF BOLIVIA;POLAND;PORTUGAL;QATAR;REPUBLIC OF CAMEROON;REPUBLIC OF KOREA;REPUBLIC OF MOLDOVA;REPUBLIC OF SOUTH SUDAN;REPUBLIC OF SUDAN;ROMANIA;RUSSIAN FEDERATION;RWANDA;SAINT HELENA;SAINT LUCIA;SAINT MARTIN (DUTCH PORTION);SAMOA;SAO TOME & PRINCIPE;SAUDI ARABIA;SENEGAL;SERBIA;SEYCHELLES;SIERRA LEONE;SINGAPORE;SLOVAKIA;SLOVENIA;SOLOMON ISLANDS;SOMALIA;SOUTH AFRICA;SPAIN;SRI LANKA;ST. KITTS-NEVIS;ST. PIERRE & MIQUELON;ST. VINCENT & THE GRENADINES;SURINAME;ESWATINI;SWEDEN;SWITZERLAND;SYRIAN ARAB REPUBLIC;TAIWAN;TAJIKISTAN;THAILAND;TIMOR-LESTE (FORMERLY EAST TIMOR);TOGO;TONGA;TRINIDAD AND TOBAGO;TUNISIA;TÜRKIYE;TURKMENISTAN;TURKS AND CAICOS ISLANDS;TUVALU;UGANDA;UKRAINE;UNITED ARAB EMIRATES;UNITED KINGDOM;UNITED REPUBLIC OF TANZANIA;UNITED STATES OF AMERICA;URUGUAY;UZBEKISTAN;VANUATU;VENEZUELA;VIET NAM;WALLIS AND FUTUNA ISLANDS;YEMEN;ZAMBIA;ZIMBABWE;KP Annex B;Non KP Annex B;OECD;Non-OECD;EU27;Africa;Asia;Central America;Europe;Middle East;North America;Oceania;South America;Bunkers;Statistical Difference;World
;Afghanistan;Albania;Algeria;Andorra;Angola;Anguilla;Antigua and Barbuda;Argentina;Armenia;Aruba;Australia;Austria;Azerbaijan;Bahamas;Bahrain;Bangladesh;Barbados;Belarus;Belgium;Belize;Benin;Bermuda;Bhutan;Bonaire, Saint Eustatius and Saba;Bosnia and Herzegovina;Botswana;Brazil;British Virgin Islands;Brunei Darussalam;Bulgaria;Burkina Faso;Burundi;Cambodia;Canada;Cape Verde;Central African Republic;Chad;Chile;China;Colombia;Comoros;Congo;Cook Islands;Costa Rica;Côte d'Ivoire;Croatia;Cuba;Curaçao;Cyprus;Czechia;North Korea;Democratic Republic of the Congo;Denmark;Djibouti;Dominica;Dominican Republic;Ecuador;Egypt;El Salvador;Equatorial Guinea;Eritrea;Estonia;Ethiopia;Faeroe Islands;Micronesia (Federated States of);Fiji;Finland;France;French Polynesia;Gabon;Gambia;Georgia;Germany;Ghana;Greece;Greenland;Grenada;Guatemala;Guinea;Guinea-Bissau;Guyana;Haiti;Honduras;Hong Kong;Hungary;Iceland;India;Indonesia;Iraq;Ireland;Iran;Israel;Italy;Jamaica;Japan;Jordan;Kazakhstan;Kenya;Kiribati;Kosovo;Kuwait;Kyrgyzstan;Laos;Latvia;Lebanon;Lesotho;Liberia;Libya;Liechtenstein;Lithuania;Luxembourg;Macao;North Macedonia;Madagascar;Malawi;Malaysia;Maldives;Mali;Malta;Marshall Islands;Mauritania;Mauritius;Mexico;Mongolia;Montenegro;Montserrat;Morocco;Mozambique;Myanmar;Namibia;Nauru;Nepal;Netherlands;New Caledonia;New Zealand;Nicaragua;Niger;Nigeria;Niue;Norway;State of Palestine;Oman;Pakistan;Palau;Panama;Papua New Guinea;Paraguay;Peru;Philippines;Bolivia;Poland;Portugal;Qatar;Cameroon;South Korea;Moldova;South Sudan;Sudan;Romania;Russia;Rwanda;Saint Helena;Saint Lucia;Sint Maarten (Dutch part);Samoa;Sao Tome and Principe;Saudi Arabia;Senegal;Serbia;Seychelles;Sierra Leone;Singapore;Slovakia;Slovenia;Solomon Islands;Somalia;South Africa;Spain;Sri Lanka;Saint Kitts and Nevis;Saint Pierre and Miquelon;Saint Vincent and the Grenadines;Suriname;Eswatini;Sweden;Switzerland;Syria;Taiwan;Tajikistan;Thailand;Timor-Leste;Togo;Tonga;Trinidad and Tobago;Tunisia;Türkiye;Turkmenistan;Turks and Caicos Islands;Tuvalu;Uganda;Ukraine;United Arab Emirates;United Kingdom;Tanzania;USA;Uruguay;Uzbekistan;Vanuatu;Venezuela;Viet Nam;Wallis and Futuna Islands;Yemen;Zambia;Zimbabwe;KP Annex B;Non KP Annex B;OECD;Non-OECD;EU27;Africa;Asia;Central America;Europe;Middle East;North America;Oceania;South America;Bunkers;Statistical Difference;World
1990;;-0,009732252768549;;;;;;-0,233562725775968;0,800674650446032;;9,50767455266686;-7,43367973335362;6,31402526853444;;0,159103484538144;-1,14756820178664;;12,7203114277392;-9,46243910478145;;-0,096138506731431;;;;;0;-7,31141261547952;;0,403072723152945;4,17915737606268;-0,061063685528691;;-0,162086415190539;-6,7621353221962;;;;0,222853626254967;44,8987712206781;-1,39975906406415;;;;-0,614082075888072;-0,321145012717168;0,538906209576948;;;-0,585967458497185;3,51959606783509;;;-2,33367736271275;;;-0,119894605301343;0,073268111004035;-1,41575530639728;-0,445376503764375;;;1,51691237959141;-0,258681018785843;;;;-6,49066305696;-27,1968338492385;;;;1,6516980729902;-38,260161334262;-0,293653399650286;-3,55946892554057;;;-0,497853628134725;0;;;;-0,225083524616634;-16,0861198630909;-5,02904207579838;;0,699234675144396;2,28880593787407;;-1,80198620374198;2,15479188563041;-3,7085519314544;-35,0173391454171;0,017234184357289;-43,737576300365;-1,55887849876623;-3,14721630088034;-0,643985084949387;;;-0,342815832857861;-0,2171410605075;-0,079379186823259;-0,518953197426719;;;;;;-2,04241132491991;0;;;-0,124836080114268;-0,21700038391111;-3,21701436876807;;;-0,264230165917615;;;-0,334992445177401;-1,19448723428515;0,239327350676026;;;-2,24694975908697;-0,81694867616805;;0;;-0,118187133647933;-10,7621228905206;;-0,379430871350474;-0,175858180186499;;0,268287651318387;;;;-0,364204185052564;-1,23774051184796;;-0,089285517642858;;-0,447097953453214;-0,679143467827401;-5,84671400606185;0,372469815022781;14,7610157595462;-1,81644095983735;0,19826085300035;-0,122917872968785;-19,1275851488657;;;;3,61275468248946;134,780926082834;0;;;;;;4,29403839679977;-0,072126033513059;;;;-7,64884367801047;-3,17708512080084;-0,375943895183007;;;25,5845323250018;-9,39233298076571;-0,685638980111283;;;;;;-7,67252171088687;-11,3876341338194;;-13,920637553109;1,85347517616227;-8,79851472527323;;-0,084177161442673;;1,42091380414654;-0,627231167703236;-17,4018256482683;;;;-0,210793723815031;55,5526865859919;-1,12298823204377;-18,4664493735496;-0,418659234636358;19,9036999415862;-0,253585644666598;;;7,50644626158848;-0,498397955389243;;;-0,089952231392826;-0,6680894181247;-5,20299923524738;-15,9679613368308;-242,515661986474;221,344701414396;-145,06495802146;16,7277237735056;-66,5272763140704;-0,729286047030676;28,1251503149671;-17,6930697084744;11,9470773851048;9,12824368131638;-2,14952365739659;0;0;0
1991;;-0,088313046571798;;;;;;-1,0052665985088;0,747592831713534;;9,71525299174027;-6,91086197542955;7,74797207663724;;-0,050987048430092;-1,26286764903934;;10,1262816024639;-8,82278970733031;;-0,100695214928162;;;;;0;-6,15253240909687;;0,641285135686545;4,57285193434354;-0,063064434860901;;-0,170066527944056;-8,81426911309876;;;;-0,007390034522864;56,2819751888393;-1,05685559847648;;;;-0,532699154925057;-0,347131701184922;0,36465531414618;;;-0,481099312428138;4,99407120506132;;;-0,451209362741114;;;-0,111128386914697;0,127600716708888;0,266606642247638;-0,419524454052941;;;1,05817693518698;-0,280056892547862;;;;-5,28552292831917;-23,6223549632738;;;;1,23425735815043;-34,7847267102255;-0,297198064560536;-3,27622818862045;;;-0,506047491975525;0;;;;-0,239010033643188;-17,3367353942886;-3,80993804489858;;5,07075807105309;3,96557695931119;;-2,07414424036174;2,38376072836182;-3,7734615554378;-33,5452040000557;0,084717776754125;-45,6143275008001;-1,25237342795283;14,644631374485;-0,679452255111965;;;-2,09859028341637;-0,495479170726303;-0,086904661389935;-0,528000622076005;;;;;;-2,19540307509163;0;;;-0,119751462455404;-0,207096789657345;-1,93958571074231;;;-0,266986898765015;;;-0,353032777354309;-2,34421687872084;0,87610229424203;;;-1,95488260640748;-0,759823010000219;;0;;-0,135900014295583;-10,5690733410107;;-0,229915900159129;-0,181468526520527;;0,558118577902068;;;;-0,494183948332903;-0,850086219834175;;0,008438823903414;;-0,469023936478041;-0,798557509871316;-5,32566912366643;0,366383276974386;9,98039681898823;-1,94448645144775;0,435967535683774;-0,119298838516229;-18,1054469267346;;;;3,33740751067334;89,6690361009651;0;;;;;;7,39012407360002;-0,071731428888892;;;;-8,19323039419291;-1,09864336833383;-0,444074037292832;;;23,2000937514192;-8,29643900566127;-0,778400735664787;;;;;;-7,36088266719135;-11,4758883654957;;-11,3366127820958;1,41815257648498;-7,02909184478668;;-0,091419481306305;;1,2353682782996;-0,256546745871995;-15,1491883058461;;;;-0,212425803858806;47,955151817377;-1,23323597163832;-18,3819714314719;-0,4317133000444;27,7526229594234;-0,245812857463476;;;4,70667357996327;-0,434030112244737;;;-0,151203600965085;-0,5322901108542;-40,1367314124815;24,0515637738741;-222,692134094081;206,606966455474;-131,460509182155;16,9960044521939;-26,4661309018431;-0,661353169074793;-13,6562125048882;-13,8421682034088;16,5941369676038;9,48533709158114;-4,53478137077131;0;0;0
1992;;-0,108817547205205;;;;;;-1,94379656121709;0,574267880015149;;10,369119122332;-8,96875403850089;11,7114075061875;;-0,189801315044143;-1,45145493530221;;13,1392500671674;-13,6257153983607;;-0,100253499380194;;;;;0;-5,53121697915731;;0,471488637058068;4,1268895781124;-0,064670107805076;;-0,18425876419873;-8,60994988139855;;;;-0,351718752157971;42,2473380750215;-1,61148855087167;;;;-0,545693183139903;-0,539171537266216;-0,497813669911129;;;-0,769132659199857;-0,695393718920073;;;-3,02114706012342;;;-0,125793885416102;0,572798030030546;-1,43238330645845;-0,462293720359452;;;0,110174341634311;-0,308835816057271;;;;-13,4813695362943;-37,7239448741874;;;;1,59948699741048;-64,9463361669109;-0,315970406859352;-5,36701260879834;;;-0,594479110614076;0;;;;-0,279257260048507;-18,3138742876301;-8,97824742267875;;2,42522593396583;4,04136420828677;;-2,59218591027446;2,16991918489561;-4,31979586199078;-47,2125403662067;0,161103879966992;-66,6854835598467;-1,39454355631324;29,4155686361677;-0,791674050881736;;;-1,0977175890614;-1,88064996886324;-0,0895791297821;-1,14687318341621;;;;;;-8,54864426732625;0;;;-0,126529669487616;-0,201950310044917;-2,33526661744239;;;-0,321565039784878;;;-0,384328963161788;-3,69880710714578;0,480829451503454;;;-3,04117998449301;-0,692700930219685;;0;;-0,135504056061323;-18,3263372292114;;-0,046836753592876;-0,219989988728726;;0,644581207791113;;;;-0,501326362098341;-1,51551196484818;;0,14117132016455;;-0,483883562312771;-0,850169405269934;-7,76721420261079;0,31962234746088;4,63986144789716;-2,49434604334813;1,04297241419173;-0,156679730988294;-26,0096253804567;;;;3,18684375697399;324,772325635768;0;;;;;;8,24938403198443;-0,089230945020622;;;;-10,0625184151291;-1,95446475996819;-1,59924068461676;;;19,9524244931256;-11,9433753947021;-0,77908007192932;;;;;;-9,85629000346229;-13,5372794615159;;-21,1330857131865;0,628706989945157;-13,5674808886608;;-0,104303584303349;;1,38973163443609;-1,6514908275679;-23,3157254950215;;;;-0,221922107402234;40,5103992297701;-1,60310292626161;-26,9709879655203;-0,429426692020503;7,09652746451638;-0,268258583478249;;;2,84989041502729;-0,421491630632453;;;-0,15441889565926;-0,256605277619138;15,9815706179114;-23,0701643295252;-404,117229058832;397,028635347218;-252,006960911585;9,53327905822011;-78,736395271019;-0,53550031373913;85,7979290468786;-20,9597374747192;-5,21222952402795;10,3222823687391;-7,29822160194629;0;0;0
1993;;-0,091383740073058;;;;;;-1,63017629622586;0,191762379769473;;11,3048181794395;-7,75034041360982;6,65607488165147;;0,33670926994033;-1,34826259740795;;11,5529417804675;-11,2817908457375;;-0,095881966272305;;;;;0;-4,96240553245579;;0,266922190107322;3,522245245125;-0,063920358895669;;-0,163343403023345;-4,9477814564905;;;;-0,4031754881645;44,9069362096534;-1,59375353761895;;;;-0,512144305405539;-0,403013285133272;-0,381331258288186;;;-0,497454893883533;2,10921040160593;;;-1,76980722274947;;;-0,07282654075756;0,406739395364032;0,112818694517493;-0,39950879854739;;;0,409218555791816;-0,294738522187591;;;;-7,86668807419543;-31,6891726894071;;;;0,503397461099584;-54,8731764500448;-0,308217906265777;-4,13335338894421;;;-0,549343186351076;0;;;;-0,241079238725111;-16,6939358543091;-6,47343388826509;;6,92202792704913;5,71726245134061;;-1,86394589413025;6,2277786552576;-3,78478672222488;-34,8740482906755;0,053327323168599;-60,7353432903361;-1,26865373527363;11,8595909544141;-0,656054915174072;;;0,276374672356615;-1,30980624752044;-0,09267314471151;-0,739812085332549;;;;;;-4,39213362099518;0;;;-0,137741117136773;-0,220834940011499;-0,143385291133615;;;-0,231197020778978;;;-0,385385935311308;-3,92396032972334;0,85571134544551;;;-2,28253300300711;-0,756836003845576;;0;;-0,140544724603757;-13,2426580184868;;-0,162408670722721;-0,202523193227191;;0,272910947740538;;;;-0,587011749166901;-1,41634975213499;;0,085354943477118;;-0,435281531303535;-0,730605971372355;-6,40073785543382;0,327934424618681;7,65613375064859;-2,46416187332216;1,0781363160075;-0,161011361639014;-20,0822540681518;;;;2,9322253581768;205,580731855918;0;;;;;;7,67970584139665;-0,087941431629257;;;;-9,61017176405412;-1,44325784255007;-1,11099570024472;;;22,143859608092;-8,72305893665751;-0,821874906405563;;;;;;-8,06173289441619;-11,9076352529406;;-14,9723735951765;0,530318906118477;-8,746405645571;;-0,10722687512463;;1,23851220927697;-0,812910371261267;-16,4153942104397;;;;-0,269141953832524;37,3808916725134;-1,00630172062276;-21,2116703362995;-0,434597181630685;17,8406675429005;-0,323979494004606;;;4,1114742668304;-0,577441390548789;;;-0,191695837179564;-0,202951521548034;-13,3635958327224;4,05944109154264;-301,875983818544;292,571829077364;-187,234517991367;14,6569547632641;-64,8448988238734;-0,600230787091177;34,0693579882189;-7,46344338276913;8,96892575668667;11,1424095087168;-5,23322976433249;0;0;0
1994;;-0,122455279673176;;;;;;-1,55249869854771;0,245877525536556;;10,2856154384386;-7,59142815352737;6,28154385521492;;0,056631252335578;-1,54896074652364;;10,2608262585394;-10,337387477798;;-0,116820620784388;;;;;0;-5,96647889011484;;0,077465553459108;4,03226924327234;-0,067589672155934;;-0,174302093312221;-2,42342135152339;;;;-0,070676686179963;96,5202099416762;-1,54748156411128;;;;-0,458021517009995;-0,359441107840362;-0,488335097127763;;;-0,431673258593539;1,9704404926901;;;-1,12960900559728;;;-0,089736511646423;-0,215243096267125;-0,561503227656047;-0,420914565289113;;;0,931624903936966;-0,318109333900755;;;;-4,53060994483979;-30,2342831921197;;;;0,313521983202621;-52,3459581414709;-0,317954026516229;-3,5230686142867;;;-0,513661047848364;0;;;;-0,215551353870606;-24,7121046809673;-4,86614398241002;;8,36989566307287;5,3800515550805;;-1,72694365802127;8,19403849479098;-3,69806259144847;-32,0375677484491;0,15901692297764;-65,8247076376879;-1,28859165875789;8,94089653683665;-0,691025391247166;;;0,821938662711466;-1,24762553521951;-0,111728972338559;-0,921998302437358;;;;;;-3,52796924154864;0;;;-0,137744116931766;-0,222889942186686;0,174454079924367;;;-0,278357894178396;;;-0,423935073965012;-3,4956790074841;0,553699833215928;;;-2,08477387388575;-0,776129070925117;;0;;-0,139727369312157;-12,0411459443379;;-0,329133840441133;-0,194704622415167;;0,556934237637872;;;;-0,454114240257909;-1,36647384576734;;0,149727002197546;;-0,461113981760094;-0,808199788907694;-5,78881373484042;0,293449691429214;9,86844396680731;-2,50347739424355;1,09874004835209;-0,072465985242791;-19,0786210351321;;;;4,51845226728119;128,60930185722;0;;;;;;7,41876178621484;-0,050521574102201;;;;-8,62511400356778;-0,298396395924414;-0,761600694567464;;;22,2660110613692;-6,36344372319485;-0,895843545536894;;;;;;-7,18284530555591;-11,9861700816835;;-13,3141035974034;0,197573611903588;-6,3841588445013;;-0,132654129561168;;1,13876469646692;-0,369495820944411;-11,6523972563709;;;;-0,277187897041911;39,6449598830521;-1,21538448543104;-20,6721351263255;-0,470384928972612;14,1168234951754;-0,367513309707681;;;4,96008980648838;-0,502577160618825;;;-0,222220635883484;0,00257773728082;-69,6698485072454;57,3511848972585;-279,531965693573;267,213302083586;-161,801012296242;15,1526766065441;-22,6596726636061;-0,445080996437558;-16,0666847851126;-0,718439987861238;8,19772313616788;9,95648159799742;-5,7356665176788;0;0;0
1995;;-0,124784797205148;;;;;;-0,85022647392428;0,185459938595483;;11,847840100502;-7,90544446457461;2,75804780840934;;0,125662796210591;-1,45618587330399;;7,09420572080795;-11,1016005154258;;-0,129021892906578;;;;;0;-8,20348747023766;;0,151551255679415;3,09737737540866;-0,07726608052551;;-0,138890983860099;-1,14697089277988;;;;0,036409351613804;100,35034506069;-2,04364000020834;;;;-0,529532599488646;-0,320301259681674;-0,786447706321812;;;-0,532163992084067;2,18740507491474;;;-1,77369870044565;;;0,048286589945085;0,303878335485535;-0,255303921191185;-0,445782772264604;;;0,65162812004579;-0,326296077193917;;;;-4,68245245744518;-31,5541309037718;;;;0,003558478093332;-54,6181929317506;-0,340507506218902;-3,71839496174656;;;-0,572767884652192;0;;;;-0,170659983723478;-26,1406898811416;-4,02335537248004;;11,2643774685878;4,88490734880281;;-1,72462180968207;5,98692178796547;-4,00085422062962;-31,0795196747057;0,127956499941609;-71,0532091078492;-1,43199391276984;10,547364325094;-0,761724934010589;;;0,84842128882196;-1,71761915750705;-0,130395974402324;-0,971465125759425;;;;;;-3,53029940032354;0;;;-0,138024012517996;-0,237743863845126;3,23621785495679;;;-0,347865404335918;;;-0,440172274877867;2,30042261719521;0,515860994510432;;;-2,13395297740632;-0,844074328989007;;0;;-0,131154357542189;-12,5572042704133;;-0,63502607224121;-0,185486817559079;;2,0560250971105;;;;-0,342812381977509;-1,40237342750527;;0,0208348369113;;-0,452298473571918;-0,911611181935763;-5,69081617147598;0,25934243198367;11,255186295033;-2,48271520796814;1,03004171216549;-0,06568439588161;-18,5489832819852;;;;5,51354887894876;123,121399802672;0;;;;;;5,13891520323284;-0,089422612900921;;;;-13,5027419540991;-0,653865694978389;-0,949018033132836;;;24,7965546485232;-5,88913987016038;-0,951843096057862;;;;;;-7,07270896899905;-12,8530366401307;;-12,8586078588593;0,44577758307295;-4,95512295387051;;-0,144114837124293;;1,24782118924898;-0,441777676375864;-11,5907088233284;;;;-0,283701998433644;46,6149726236448;-1,83634942043573;-21,3355746089202;-0,461976375720717;14,4131409605393;-0,397229558475426;;;4,06097652915414;-0,524242607276703;;;-0,283504104928497;-0,251470039121013;-75,3955941602968;58,680179835264;-280,258394965701;263,542980640668;-165,249159722154;18,8265385757825;-24,8594085702437;-0,459330941641026;-22,731977621285;-6,07275597074474;15,5665926849546;11,2128140282608;-8,19788651011624;0;0;0
1996;;-0,275265128468275;;;;;;-0,86813394783114;-0,078702373437126;;11,9868392191933;-9,17719338065499;0,801686198246879;;0,334615461711991;-1,56036731649131;;3,71804344969484;-9,84948381631617;;-0,14112099169375;;;;;0;-8,91761551036122;;-0,027314991850741;2,61901884980269;-0,064188857929166;;-0,194248317191851;0,706082127302068;;;;-0,032020352541267;104,668473057831;-1,78928821435671;;;;-0,521811338737543;0,081416881909869;-0,668523670673447;;;-0,77143654398721;3,43823975961961;;;0,507773432314377;;;0,039411203092636;0,573761198578391;-0,964814931370114;-0,463396035847779;;;0,624318520932865;-0,319479241608533;;;;-2,93151574392817;-27,7577920830377;;;;-1,01934537876543;-44,8278641120671;-0,598828147956798;-2,68535206835705;;;-0,612732861789479;0;;;;-0,246514965816922;-25,6375224714244;-1,99548400055893;;15,0913282717045;6,51444431466875;;-3,4232698933683;3,44566426654688;-4,00816764043649;-23,8723550469183;0,65462800682429;-65,8358839864314;-0,325936248051932;10,8412887266407;-0,051112971443512;;;1,83948295754649;-0,858720344004781;-0,124614112563221;-1,37676089758988;;;;;;-1,90953746240296;0;;;-0,049463168180591;-0,303402449357927;2,67602657278869;;;-0,360962671706106;;;-0,554617751819127;0,81683808673337;0,123074698092139;;;-1,10393348828443;-0,483750803260626;;0;;-0,127032906644484;-9,43989326223615;;-0,749340068443634;-0,158401468774348;;2,48711349675961;;;;-0,304818432671939;-1,50156641476352;;0,070136793888208;;-0,421831946398803;-0,868720713783305;-5,15549468056846;0,294439713940068;13,1349767871571;-2,46092341207678;1,06989026833657;-0,037336161524629;-19,0592421967435;;;;7,52420658742484;90,8843792660294;0;;;;;;4,75381242328093;-0,268024137574987;;;;-14,6744225977821;-1,15602509317509;-0,618267553969352;;;27,0919036463734;-5,08934667870442;-0,877405275539459;;;;;;-7,5001451174296;-17,4996595513036;;-6,47244401467734;-0,360155467874973;-2,47954392207692;;-0,114361997450209;;1,49346832191313;-0,159193889596641;-3,0068285674506;;;;-0,191497571245922;17,3763450343649;-1,64590684687521;-23,4975816266833;-0,363133075283665;19,8117366072959;-0,519161535529357;;;6,01670580575892;-0,719087813212431;;;-0,352842211495779;-0,445127044747449;-95,7082823348893;81,8852433640105;-235,446830712283;221,623791741404;-130,023598571906;23,094205133219;-6,04679274207108;0,254787654752199;-59,3173371282722;2,15180764193671;21,3346568213313;11,2374991507496;-6,53186550252442;0;0;0
1997;;-0,184753247156764;;;;;;-1,934061238788;-0,225282848592687;;12,1961798070053;-7,59580474097748;1,15206423611712;;0,842235956657939;-1,63498789945799;;4,45032272979715;-12,7246330632804;;-0,18534722348941;;;;;0;-9,71303680379033;;0,451579981117402;2,51539416664215;-0,076208332275636;;-0,199725252024174;-4,12638750050095;;;;0,246194851856584;124,736591708235;-1,92385001266663;;;;-0,593235891865396;0,093862081656665;-0,652970155761464;;;-0,521350039475736;3,3301279236391;;;-0,539583177040282;;;-0,109709503753834;-0,111252597403628;-0,371779799321079;-0,497952731674385;;;0,744152826201739;-0,388478261939706;;;;-2,94848986556865;-25,7984987593079;;;;-0,687583199277439;-40,0576884990423;-0,854329424585454;-1,73148257220472;;;-0,73715925734;0;;;;-0,376660541836;-29,185135859835;-2,23960875289281;;14,7221672657849;9,01684170335649;;-2,81715921563215;0,296301805905102;-3,90640300016385;-23,5448509453536;0,579458308421877;-61,1620325924963;-0,963783585485567;10,6271675737303;-0,318723335753952;;;2,01968675538348;0,064022299218604;-0,109438116663574;-1,35783346990231;;;;;;-1,78070977861516;0;;;-0,069394091077388;-0,293630403974356;1,9009799396181;;;-0,292504635952398;;;-0,535986019412721;-3,36616893482385;0,420139097723422;;;-0,628001416349942;-0,193805984385593;;0;;-0,114999573072547;-9,83830347513819;;-0,697711496030506;-0,182679942685812;;1,600764893896;;;;-0,332307310598746;-1,09573561754841;;0,085270596883232;;-0,465534428919917;-0,942344104840481;-5,0574355711964;0,213145839687368;12,2933078254091;-4,41139441808526;1,97861741572369;-0,185363816817343;-14,4428527003124;;;;7,59864758201077;83,0326755195337;0;;;;;;3,32731011347484;-0,297507066113816;;;;-15,0974516764822;-0,858914283293629;-0,630123417837224;;;29,1007270073318;-3,23855705730119;-0,761506151667839;;;;;;-7,59121706949547;-14,5444443511346;;-7,9045199939935;-0,259450552158945;2,07242063988947;;-0,134188448002979;;1,38231358431516;0,003651464034736;-3,44955420144475;;;;-0,213725547843259;17,3622006044872;-2,0484360658185;-29,8643893097904;-0,391810096390262;11,5000405861217;-0,679124598000695;;;3,71845169318125;-0,026453909392114;;;-0,469446111432924;-0,287540993409909;-110,180061125632;99,0726015742613;-241,816249578915;230,708790027545;-124,690047068256;24,9037390743435;27,1993829306191;-0,450355379535154;-64,4384351225191;-2,23633211636636;4,00748415079691;11,4984683109748;-11,5914113996845;0;0;0
1998;;-0,213240357286551;;;;;;-2,30460970442642;-0,167468535695666;;10,5239230180236;-8,60901407584962;0,43270080569623;;0,624196044834718;-1,62025123598514;;-3,10185990986814;-13,7676618873302;;-0,242433171350248;;;;;0;-8,74894929684967;;0,043477895870968;1,9685924882893;-0,243990578411931;;-0,241198593668658;-3,04072464283053;;;;0,325034749357412;110,483583097454;-1,85079596656067;;;;-0,790185581533307;-0,532581848368181;-0,399561350005475;;;-0,906940286119538;3,06440760839226;;;-1,20421664076405;;;-0,486855005190346;-0,458760448794516;-1,27744346015353;-0,664273950923254;;;-0,029357013435867;-0,551039286085322;;;;-3,32264089428145;-26,1824290494601;;;;-0,704928481886902;-42,8568578543403;-0,727601081958347;-2,39594408424439;;;-0,948011090054491;0;;;;-0,398968447068795;-20,9898429551553;-2,69835954512351;;15,3034319743306;24,7730878558934;;-2,28008562984275;-0,642961536026803;-4,0126684359434;-22,8567520181877;-0,073406993852863;-46,1498548769571;-1,05215321229156;8,4504417081876;-0,832224371672826;;;-0,422655656555026;-1,34344576024687;-0,118002847849485;-1,40161121693998;;;;;;-1,69753905372492;0;;;-0,162030122235202;-0,283074809737883;8,31447687386169;;;-0,610785428681754;;;-0,428741264311855;-4,8033701557066;0,333802629473381;;;-1,11498857057152;-0,453917294546615;;0;;-0,514376031539366;-10,9789557988721;;-0,450997034040917;-0,222456587231677;;0,081150293343384;;;;-0,483133013038866;-0,086939368300712;;0,136862132512969;;-0,363978786886025;-1,09871979744125;-3,26079658459238;0,09841788920315;11,5553772433023;-5,94223728399221;1,44160053053612;-0,195189147897453;4,71534865744749;;;;4,54801338355625;111,832373143808;0;;;;;;-2,5215980631326;-0,273100428397719;;;;-13,3687908038108;-1,27386152980036;-0,812056151545831;;;29,4354692541879;-4,68761386478806;-0,913831773472087;;;;;;-7,90814172655149;-19,7264801948613;;-4,79342743586303;-0,355357577884947;8,08269939802063;;-0,167982010031208;;1,25569672513527;0,186362983056388;-4,02773253813523;;;;-0,361284887927414;23,0941518308072;-3,44466645257664;-34,7851807491394;-0,468582510025083;-21,384525792284;-0,781336349552274;;;3,22424555485922;0,162088078189155;;;-0,428983578329347;0,156841010781569;-120,255821243015;115,402096682542;-266,003628191785;261,149903631313;-141,686231660341;21,1146351193576;86,4666261115171;-2,1915987982065;-64,586467896882;-14,5417723323293;-29,2286205908211;10,0729259839827;-11,9594521570911;0;0;0
1999;;-0,217332010340425;;;;;;-0,441413841503575;-0,581778117467476;;12,9213021292076;-8,51036081847098;0,532532928471088;;2,37819239343395;-1,41119370368762;;-2,71357372442617;-17,2465560925217;;-0,147801413863561;;;;;0;-1,59755898859632;;0,427208306722475;1,30164578724009;-0,357331090980084;;-0,227093709948355;0,68686641089235;;;;0,422055392837216;105,040000437855;-0,198045717016536;;;;-1,14291614230363;-0,087587137544642;-0,534739349420932;;;-0,418934959889524;1,72997212690632;;;-2,94301790514627;;;-0,665339634707463;0,085852517551867;-1,60055768791629;-0,634430401982236;;;-1,04970091133946;-0,532488600039463;;;;-4,17937054691442;-27,5161977890228;;;;-0,489244208378235;-53,0142690717706;-1,08270813469229;-1,51213793079762;;;-0,899041590844669;0;;;;-0,556654997183799;-17,3287287356794;-2,79575591242916;;11,9649913933673;12,1935410555294;;-3,50952064355631;13,4950566206232;-2,29986085350916;-25,8924061494368;0,076650404303886;-61,1925597121748;-0,823808721513747;5,88292531337665;-0,311087917155471;;;2,95121212170534;-0,321285642530879;-0,103281138468032;-1,25814557882549;;;;;;-1,75127461090804;-0,146077948230654;;;-0,210183245536581;-0,272598011453696;2,85379372053516;;;-0,443257243377706;;;-0,380464159291348;-5,89188165953328;0,236964945584042;;;-1,69630417450886;-0,757765866496493;;0;;-0,834034636314539;6,51223580314507;;-0,739695777883417;-0,2458745533366;;5,93499027483348;;;;0,76567682462259;-2,08965795490478;;-0,051016831716247;;-0,403735964919603;-1,04071847413881;-4,83748929240284;-0,128083033075145;5,50579319236486;-8,49081701973473;4,94436947432134;0,020440002350012;-7,00835235807161;;;;2,60582766217157;131,81290339354;0;;;;;;11,5590935036994;-0,243435223663008;;;;-14,7945586125866;-0,615134135393298;-0,740890430664172;;;22,309582316829;-4,77111331713076;-1,51481008513019;;;;;;-7,15666260049213;-16,9168470722251;;-5,02730091759914;-0,231618437756441;5,17338402307493;;-0,01020376877139;;2,39274116202287;-0,155554055235506;-6,26899175694933;;;;-0,382800948081879;16,5796614358124;-0,666178937238733;-32,8913048867346;-0,527878812737522;-50,8266429608377;-0,918255834272917;;;12,0561907449508;1,29903023968632;;;-0,403356650266408;0,465792271002997;-156,544991230782;130,834828067754;-326,347901205617;300,63773804259;-156,840866393646;19,5706979667811;27,6113851011015;-1,72588258574788;-61,1873592580194;26,0347606691948;-56,0316582094787;12,1816063513241;7,83628680181699;0;0;0
2000;;-0,286656446510912;;;;;;0,347467175555103;-0,209873410763919;;16,1317152544255;-7,06932517115958;1,62479988705113;;2,24208989915194;0,257047817902123;;3,4978183432755;-17,3857867358918;;-0,251193991676952;;;;;0,135070950980409;-2,75388021884569;;0,493762121613111;0,818655978665655;-0,096511353987497;;-0,789663597511533;-3,77120560274676;;;;-0,313518577565645;105,533385866905;0,563169696487105;;;;-0,709356760374721;-0,097748704999124;-0,544131374065964;;;-0,163519199225939;1,83940381911716;;;-3,08866193926536;;;1,84295689001217;0,301419119668826;1,78912178128645;-0,718893813066927;;;-1,3204311700887;-0,094194763667698;;;;-6,02069958698262;-30,7651018888995;;;;-0,443750642395397;-50,4132430983614;-0,720812601775136;-0,428677855954511;;;-3,6131695749247;0,048114873580306;;;;0,293938967814592;-12,0385920714762;-4,02338831620055;;18,9286614305325;11,2935775075686;;-2,49751963137211;20,7487916483047;-2,28670420334349;-28,1755711662805;1,01057362816054;-77,7797365818456;-0,682248040362704;11,0087331930288;-0,421836939485298;;;5,92010963165752;-0,439052761772731;-0,410134952155627;-2,07770217346362;;;;;;-2,28032480937666;0,089768515895311;;;-0,208506374927787;0,01227232804884;2,7243265602143;;;-0,58376580364233;;;-0,526733853584044;-13,098695597331;0,104140382134114;;;-1,42769115943886;-0,825909231654423;;0,010010629329745;;0,093580630933368;11,4435098124926;;0,046640609850908;-0,192834028452281;;12,9355490797681;;;;0,85942485576965;-1,31653817601487;;0,24884465096021;;-0,498946670464244;-0,751366530635067;-5,08175924149674;-0,069597810897754;4,76179349224323;-12,3648596503133;6,29918484061789;-0,162807963776812;-12,3475416300773;;;;0,891481984232321;131,797700495582;-0,047689626098585;;;;;;26,2861077167077;-0,296954989066995;;;;-21,4508677533555;-1,39479158156519;-1,10028615708521;;;25,1195425187709;-6,87337307135694;-2,30938653591198;;;;;;-8,44104048626359;-12,5065776045821;;-14,7413883738198;-0,874198145147768;4,3092904188721;;0,113712125543611;;3,86967992342443;1,47209049480902;-6,87905074427484;;;;-0,404985345966993;17,397975639325;5,26457492366001;-47,7823111635419;-0,64666292919505;-66,540362916069;-0,746753729530955;;;19,0735998917264;4,66546995741266;;;-0,533148329795109;0,500922334555312;-209,426464130903;188,277841493349;-390,355630624394;369,20700798684;-167,167587264169;35,3730189575762;10,8042919004225;2,03173988355331;-75,0496380006218;57,7722805278883;-83,4102641161467;16,1783558642764;15,1515923454981;0;0;0
2001;;-0,345152913947516;;;;;;1,21185195315176;-0,254220477755447;;15,8779408292058;-7,21077010055209;0,880064236903066;;1,52297505923743;0,437150724883175;;4,01533226723749;-17,2715949060176;;-0,381150683974243;;;;;0,180019792833417;0,840771918592054;;0,471863670686895;0,962623135108149;-0,143833177671661;;-0,91791635815847;-0,125526311039295;;;;-0,185589090394606;101,080608191112;0,400653619311671;;;;-0,667396376107856;0,301861332416582;-1,01270803864065;;;-0,243233471446602;1,40073949952388;;;-2,85390273841219;;;-4,09455879662596;-0,320677983698373;1,78999569673073;-0,674249628693466;;;-0,83606550059194;-0,04506482898026;;;;-5,11303936916248;-29,4145921466887;;;;-0,555843976882884;-45,0164641571459;-0,715709766220607;-0,285224259889237;;;0,397727416120458;0,080054970315838;;;;0,402906557928489;-10,8566547085561;-4,55459456006323;;20,9196727864126;13,8551026806751;;-2,47101618841828;20,4458342098731;-1,76618180022208;-25,0397094967688;0,929192585164317;-71,7255123387956;-1,10303491008396;6,09728688440376;-0,77383904956946;;;5,3597079104055;-0,235327933572629;-0,411373140180953;-1,69723053467131;;;;;;-2,05279456166912;0,163360194425302;;;-0,238609363895524;0,01390871301506;3,38258525987714;;;-0,568256243361595;;;-0,423728697624534;-11,2004304202185;0,085286849106721;;;-1,25778841852839;-0,897958013210942;;0,002396231378334;;-0,202779202242023;13,5882547136004;;0,214675969996318;-0,182158693790428;;7,96350125837942;;;;0,208175330312683;-1,38156123326894;;0,484088621696129;;-0,484530590755073;-0,948150605156849;-5,57954575688412;-0,034573851161301;4,93346587991367;-13,1624433568353;6,83673973298509;-0,360020510146516;-8,07374995489553;;;;0,731106227925334;110,040472502102;0,007814697984163;;;;;;22,6142594398184;-0,242649455048793;;;;-16,6683664317925;-1,40259094499961;-1,04487646960945;;;27,0097183240352;-6,53154294437842;-2,41718272882617;;;;;;-6,60104668598199;-16,9719705845439;;-6,98626345411571;-0,850917635676017;3,95703146782793;;0,105746642230498;;3,97043201648513;1,66465934470675;2,27803629106784;;;;-0,388735328240618;12,7912084292703;1,26760984017246;-40,5496732028454;-0,659626620684319;-73,4578684277585;-0,681553060800773;;;13,0251067522685;5,22919520676134;;;-0,573857923045148;0,306424392623243;-215,698910444408;196,039347611014;-354,409502578495;334,749939745101;-152,604147024808;32,3235295598082;29,2786326270463;0,565983702176814;-83,6239305275353;57,6641211035664;-84,7838251590163;16,0926167992021;12,823309061357;0;0;0
2002;;-0,369772585729732;;;;;;11,6144653672537;-0,370617986704222;;12,1049520168558;-6,32446220791052;-0,412440676534897;;1,36298221655853;0,329306880880944;;3,97897162510497;-18,3146271675458;;-0,318257613553214;;;;;-0,100553113079981;4,40959657443001;;0,336212425676517;0,782911176469016;-0,133515150123342;;-1,33826468096371;-5,04430965873507;;;;-0,408555700382063;123,614773770451;0,066860432283702;;;;-1,17235652893676;0,59706417167714;-1,1785621160151;;;-0,324603344247307;-0,254637835204853;;;-2,97779105233386;;;-2,14951728583753;-0,537299964479694;2,02884052685648;-0,60389237483598;;;-1,21475591407349;0,156999968220795;;;;-4,50933426565931;-28,5895233040027;;;;-0,550806035017286;-34,9805153966983;-0,483163604071933;-1,21480049752858;;;0,384224716198869;0,087579434217725;;;;0,440113987322231;-9,88523850846105;-4,37606671059;;25,3322519652835;9,00759930172775;;-3,25294043113385;25,5371237314167;-2,17580989263599;-26,7028010402864;0,827570701402948;-60,834879106203;-1,12588649999375;9,02081811115058;-0,605080989466771;;;4,01403053563176;-0,197774396796502;-0,410172371161205;-1,65021242741851;;;;;;-1,82608404858014;0,044260761395358;;;-0,207669210515579;0,005482697805947;2,13717702439476;;;-0,632433745697115;;;-0,439379768625893;-11,555491210318;0,110515580976314;;;-1,60404992840032;-0,864911963882149;;0,047989892066171;;-0,292846664343637;12,2045612594218;;0,060988955105231;-0,157567188234699;;5,09334962549114;;;;0,972661657939767;-2,28370426402161;;0,273297086544547;;-0,383610973407043;-1,23529365901589;-5,41323327877057;-0,105937033953975;5,80940886556731;-12,1329367294883;5,80662673112175;-0,615575568748751;-13,2473640339261;;;;0,905203960269002;105,876315979632;0,009106127484149;;;;;;27,0063976625332;-0,214735389289742;;;;-17,4887672141334;-1,03353227677528;-0,805187294549841;;;27,9764609973502;-7,34373078242137;-2,78689900770138;;;;;;-6,89442266103588;-14,7762088395908;;-6,5652302359032;-1,36042340628696;2,99920914903068;;0,049028661474482;;3,77291404857196;1,56452732538016;-1,09673427237032;;;;-0,411147906616842;12,2174701075344;-3,13034282202367;-47,8020273678769;-0,654795767648979;-94,7507906979918;-0,490093543703913;;;22,6321408918795;6,06407366483018;;;-0,571691941636802;-0,067735008259468;-238,7790667474;232,117100958172;-382,390064488923;375,728098699695;-146,787615226074;30,3241665041047;55,5132760074737;1,61478716219558;-87,6628663070001;57,171049048178;-111,350591567045;12,1659409719611;35,5622723909043;0;0;0
2003;;-0,437446983258223;;;;;;5,90630993949086;-0,138975220537812;;9,46029385699404;-6,43559255054781;-0,940104104068483;;2,26963787818496;-0,265616832736264;;3,95218295189269;-21,4094677942039;;-0,363678760408958;;;;;0,335215390241831;5,62591412706784;;0,052547186468389;1,14102908740674;-0,140990883553507;;-1,09879765184337;1,10685919219225;;;;0,321174650235301;208,341230219819;-0,112023269425958;;;;-0,723492752743503;-0,307604128643376;-0,57403483932602;;;-0,277301389340916;1,81817907957835;;;-1,90012066727355;;;-1,14132592958434;-0,487917889098046;3,33691332267669;-0,547730623836491;;;-0,938531068991306;0,217659411005324;;;;-4,58105233350918;-29,7863424678134;;;;-0,570573780787531;-45,6896831168399;-0,79091874033046;3,20792655441636;;;0,364371005672328;-0,284381445498827;;;;0,374905048775156;-10,9097682629715;-5,35530888555434;;21,0984251441866;6,09235226188758;;-7,21154503034966;12,5371896082986;-3,83590265479554;-26,1157696386186;0,913072876656514;-65,423600286504;-0,80859095250896;14,0026555418722;-0,742189097284606;;;2,85449643269578;0,039237836570362;-0,213633244097368;-1,87511337538535;;;;;;-2,72105738829919;-0,293845309733899;;;-0,311729949463081;-0,018091917667338;7,27768054543297;;;-0,409295114299205;;;-0,446562052431334;-4,18865245129405;-0,098076886574031;;;-0,852218151902774;-0,897044622427766;;0,053975692104641;;0,072547177766489;-0,781534551046988;;-0,395273765899622;-0,18410608671781;;4,63895360937483;;0,447708295889608;;0,071401084051706;-0,763944824737607;;1,76572209170997;;-0,454732181506487;-1,02807410867199;-5,79577450792933;0,212433803416982;9,34463730510483;-13,0022753846155;6,33660780924716;-0,200408270617239;-15,6219490275544;;;;1,70908536461148;102,457209849231;0,002628667513058;;;;;;8,30902599880093;-0,290852915996631;;;;-14,5920864093609;-0,440666555768139;-0,725525333803135;;;34,210781527962;-6,09118861654257;-1,82644654235283;;;;;;-8,35332818186579;-13,838373542944;;-5,25695036379459;-0,915922881507479;3,42382115352496;;0,155480976952072;;4,25431461532913;1,49966070782956;-2,97156164235128;;;;-0,33489872380361;19,1515816934518;-5,18614253760545;-48,2879786567329;-0,665998465740957;-130,613431682948;-0,450354617127852;;;13,1126448529663;4,641903345284;;;-0,502522748005373;-0,231560566203153;-292,996130746241;289,040151327966;-438,581722263691;434,625742845416;-167,747722202611;37,069617865681;140,610179585455;5,07573024526096;-104,302838595081;19,576161024018;-133,69522494205;9,06502009109442;22,645375307347;0;0;0
2004;;-0,356384466302826;;;;;;6,43918133533457;-0,148642637268673;;10,4783646407722;-7,37366025196841;-2,18866113296757;;2,80048184809114;-0,249611721862093;;4,49606533952413;-24,5331330595313;;-0,25026944704679;;;;;0,338583431725108;6,83545772295634;;0,080503262426881;1,02934901807891;-0,166506235414789;;-1,48973995224443;-1,19415997927953;;;;0,569091857251397;246,112898924234;-0,6566810553075;;;;-0,747898128697891;-0,031368151793917;-0,826518534060329;;;-0,40598033426997;3,50254866115137;;;-4,14600856238846;;;-1,79430635166842;-0,499921726971269;5,24016984269197;-0,475060319571009;;;-0,953785751945853;0,283420972242732;;;;-4,47325703742577;-35,1506454455238;;;;-0,861877973086376;-45,0576232014279;-0,81906332863813;4,25370727678754;;;0,464643012402658;0,019061127213793;;;;0,434528714481017;-11,14492805444;-5,30232020146296;;24,302549281981;5,61114963927778;;-5,59082666949888;14,1044628437242;-4,73530601402671;-29,2609097680574;1,03262006253016;-68,9086796348373;-0,903571291416245;15,2533197206813;-0,669946665941565;;;3,41755701196234;-0,227684948873828;-0,293578131275751;-1,695466730529;;;;;;-2,27441706466685;-0,355111912700484;;;-0,281270062995152;0,017411470168851;9,57452130360288;;;-0,397071296952387;;;-0,541917242073906;-8,56182000835049;-0,000284213630314;;;-0,923488461237904;-0,897599273466456;;0,015751733620559;;-0,47062929171979;-2,39119102225342;;-0,859042269452191;-0,21602160784282;;2,62760433062731;;-0,192976340365728;;0,666953270936594;-3,21570841906949;;1,63983541796158;;-0,509707598137591;-0,721824786510184;-5,84499314675718;0,304946133449511;9,02625020606577;-11,8708837437352;6,63806252196725;-0,127572829046168;-16,7556879999569;;;;1,24220295013795;97,9621921397851;-0,010086847348476;;;;;;13,4890509236119;-0,269935819564558;;;;-20,0590127633527;-0,899458883674674;-0,669481957108316;;;34,5286662587177;-8,88915073090611;-2,14879240146012;;;;;;-8,43186600408668;-14,7449422553733;;-13,393405229691;-0,783142318519018;2,87924435737296;;0,16447563478512;;4,44968983243649;1,76134883384043;-9,51269695990439;;;;-0,371552154141391;22,9937233549461;-5,66846763064496;-50,9134693352447;-0,711377836257034;-137,821515643328;-0,523558965015033;;;12,73444487477;5,5299047113963;;;-0,558140380581725;-0,085072909127974;-324,292163743108;312,179831037557;-481,719648001787;469,607315296236;-181,894710051953;38,2813259909576;161,159031229961;4,78803063203176;-122,650501614984;20,2965265243011;-147,577495630958;9,61932237132004;23,9714277918202;0;0;0
2005;;-0,411516976934641;;;;;;5,66884463765658;-0,381113604263647;;11,5206486165187;-7,55319293451904;-0,266143996454508;;3,22745999591941;-0,323464313767213;;4,44871240024962;-27,4582367113155;;-0,345236532138111;;;;;0,394085820534736;3,91933119696827;;0,092806056935027;0,566981759862461;-0,154637191839463;;-1,87844772708909;-9,32947866557197;;;;0,087066298246466;317,783656847054;-0,927887111873332;;;;-0,763341011428023;-0,020247642015653;-0,695993805218519;;;-0,465659820503301;4,19187664365407;;;-4,17784734857515;;;-3,97225267395793;-0,650930305865723;5,10920594559263;-0,53407351168848;;;-0,615577552121362;0,241425540226071;;;;-6,4714040124935;-36,9829051363892;;;;-1,0271954435277;-50,1485422365904;-1,13265616213581;5,53261056878978;;;0,530564257802993;0,021070375309231;;;;0,403518465007439;-12,1119411986969;-4,89201954711009;;24,3691579373022;5,3005247488988;;-6,67485040028875;17,4963113486423;-4,66979574655714;-31,7454923526851;0,94026306767521;-69,0610170709272;-1,10339415842535;15,8033805013302;-0,837991942019553;;;2,38975740838789;-0,51131933222562;-0,265583326957706;-1,52936520741063;;;;;;-2,07188741108625;-0,638138822414204;;;-0,322338835070702;0,01712067904022;8,90196699462094;;;-0,174617985501814;;;-0,316944556155569;-7,28400152362609;-0,057318881591911;;;-0,690302538247995;-1,03562781407796;;0,021329039539887;;-0,442170744627708;-10,4739245751118;;-1,17833599081986;-0,240920413325791;;1,99004695511455;;-0,233849707673109;;1,39663202364027;-3,33101643902465;;2,3812387600941;;-0,545412894348628;-0,71546455166215;-5,71413899919776;0,448408190981954;9,09457693670238;-16,1026822981486;5,70161177726616;-0,230338860533272;-22,5564268701057;;;;0,296120686611847;99,3494761724515;0,003492573324343;;;;;;14,6551559239614;-0,336089770890399;;;;-23,9811154144615;-0,005341006036144;-0,561088353342306;;;31,9597938878669;-11,7078419414405;-2,28489692227937;;;;;;-10,2175929833039;-17,1104525252013;;-9,73924673970144;-1,08629946690762;1,26168980657783;;0,13428168408555;;6,31595783520495;1,89697541644795;-11,0450385316638;;;;-0,41909704090165;17,059688793866;-8,22017944691261;-49,0709841183924;-0,917460676143681;-161,53949534615;-0,503554136007982;;;14,2079067862962;6,13541190470395;;;-0,491473261828628;-0,063236997101855;-390,63555788188;370,156603046243;-549,078775244663;528,599820409026;-211,682035845986;34,4751480959818;224,629738305616;5,06095477538447;-157,65096180762;19,8285205942586;-178,152975535349;10,3423126256989;20,9883081103916;0;0;0
2006;;-0,483729270961802;;;;;;6,36680082595002;-0,198012132314451;;9,93180870136827;-9,07452180388686;-0,652072988180843;;3,12630916595938;0,032366561898586;;4,05046136740402;-27,848644362667;;-0,647458876738473;;;;;0,49453825848516;2,63029890185177;;0,284372393426723;0,255136184316019;-0,170653613725272;;-2,08579659437116;-2,04734628715877;;;;-0,005446987430872;370,874789837315;-1,7225465362311;;;;-0,978130867386468;-0,310193553576195;-1,30280066342141;;;-0,468219761941866;3,05702157172683;;;-3,57184649939277;;;-3,88664367219917;-1,18741838030947;5,63258470208626;-0,66441581648709;;;-1,29718015242658;0,220938008779522;;;;-5,82247791404659;-39,3341621995261;;;;-0,784168142350773;-45,0966339399473;-1,17099293303289;4,47815241510003;;;0,267137909267165;0,029987410492227;;;;0,357650712214351;-12,4072579680961;-5,22199485977544;;31,0046544456452;4,64177941459431;;-6,68495375642485;17,2891124790053;-5,06386983480652;-39,1695030489567;1,09474233424492;-67,9964912364192;-1,05574211813705;15,9096424442008;-1,00344450180901;;;3,31459508988805;-0,874581587313825;-0,346159989378669;-1,88394731808218;;;;;;-2,45082154813906;-0,812514754229847;;;-0,290114929108037;-0,00754859967485;8,59870545710044;;;-0,324512985844415;;;-0,328471497695623;-8,17462989865169;-0,080535522562878;;;-0,898703263546263;-1,1174645485113;;0,044248843610791;;-0,507687417060277;-15,7999218070036;;-0,683716949292853;-0,343865258170034;;4,31278903417427;;-1,60798138166821;;1,30190444142469;-3,64682173697223;;2,12729998993609;;-0,560886820031346;-1,13321664023156;-4,71080104892522;0,369327301241179;5,27359850877772;-13,6038817582702;7,6644982278757;-0,206469801509435;-28,2853507365224;;;;-0,336275189969548;103,987241376794;0,000786973510465;;;;;;12,2914401988795;-0,39969588363194;;;;-27,0010916456385;-0,701648276192373;-1,02478573793624;;;30,9483757270801;-15,4621003857793;-2,45789538061916;;;;;;-10,5891361971675;-19,6872123446977;;-8,36650953338761;-1,2608144959957;2,27776871206211;;-0,605172318823163;;8,04282549435045;1,87598303936823;-12,6989184496036;;;;-0,452493142849842;18,241600886259;-13,6073309205944;-50,8134260294015;-0,764056977320753;-178,775480737425;-0,468422403745586;;;16,0876403946743;6,62449689892764;;;-0,646358886545766;-0,243807596078665;-423,476847494963;414,434248530294;-594,215197129735;585,172598165066;-234,818576241107;34,2971310734096;278,586528009062;6,0166008257702;-181,131621637379;12,5619982798911;-188,997456923236;9,24809175207542;20,3761296557373;0;0;0
2007;;-0,547765462226197;;;;;;4,75786705762329;-1,36704651198213;;8,82957162535912;-8,58703884447158;-0,196324499301507;;4,19844153518835;0,101256379761697;;2,96467266935209;-31,1799433816081;;-0,656153981776567;;;;;0,410305354134745;-0,653062282804441;;0,280990242416204;0,452088004717551;-0,172758606483329;;-2,1005898413781;-1,5555125644766;;;;0,114343592415835;392,509373091853;-3,04783883805765;;;;-1,10587268484363;-0,42498200893648;-1,32070150644919;;;-0,614304023064582;1,79885074458099;;;-4,2104033636507;;;-2,22298323063983;-1,11027801713615;4,45707923932725;-0,62301330152308;;;-0,354362684763417;0,276746823552;;;;-5,99382011127287;-42,0600333539503;;;;-1,03068608605188;-51,8930906322854;-1,22531973704882;4,79060629656029;;;0,332733450371648;0,029591043596932;;;;0,390419711788829;-11,5535678315127;-6,44190084508727;;26,2415910110169;5,43803097977474;;-6,81168271539824;4,15606773256911;-5,01367142279613;-37,3285345167659;0,870621972623711;-60,4742918628654;-1,19892812219491;14,3702503449372;-1,20513381727596;;;2,56821403169798;-0,844204195096584;-0,385450145635539;-2,48360243691946;;;;;;-2,43358482401759;-0,157331346075759;;;-0,318994833727418;0,02037931600645;7,45722507309495;;;-0,546918596038311;;;-0,291144479029188;-6,55293283828325;-0,081466873041443;;;-1,46390375338197;-1,34886640885123;;-0,070243398774545;;-0,605318564122987;-7,25066433404599;;-1,00699063347484;-0,434023780222655;;-0,087735865012419;;-2,53331334254415;;1,19126955216355;-3,43043104949099;;1,85190040935482;;-0,751677415442662;-1,44166492452386;-5,36741056292822;0,333794814596841;2,94869100040891;-14,5071879157835;6,08513475975856;-0,011665498792532;-30,2861102607643;;;;-1,15713957693957;84,7004243738286;-0,003051772292312;;;;;;6,64498562852172;-0,498915947059141;;;;-27,412468784154;-2,09139665833698;-1,50602275682403;;;34,119240319666;-16,6600985424006;-1,95360503499732;;;;;;-10,5907777113295;-17,5016962152465;;-2,78984216996605;-0,561481813778508;3,29443412724459;;0,055625994658521;;7,18327801201847;2,23246318369325;-13,9275782374659;;;;-0,494582807333242;11,9862889073966;-15,3371320930496;-52,6068233367858;-0,950665341871048;-138,945025008586;-0,770479084327447;;;13,1931221114976;6,38596777095159;;;-0,925973534810362;-0,326676838256673;-414,136450069503;398,174520127673;-559,546172178013;543,584242236183;-246,190304631211;31,1246626439219;305,638822933983;6,24306055892829;-219,728517037436;-10,6331966356073;-147,053470411345;7,82258099188428;10,6241270138414;0;0;0
2008;;-0,585522141573741;;;;;;3,96227662343519;-0,260237395199556;;11,3167893008217;-8,24580531171319;-0,200529409724135;;4,42925985345267;0,1677652423115;;2,93002958898709;-31,1434497878785;;-0,985523556836429;;;;;0,318756252363604;-8,34190935213543;;0,398968872541094;-0,266917936489351;-0,140085446609513;;-2,55435965731541;-1,87692102235332;;;;-2,56654007508334;418,24244945915;-2,6907006730067;;;;-1,2694265106659;-0,407412148587757;-2,763299667063;;;-0,850229078971757;-0,336445308390964;;;-4,66910398926145;;;-1,87438182885756;-1,46027834732751;4,08186448401814;-0,675167378582581;;;0,087796409628873;0,294659318302378;;;;-6,56478301169932;-42,1235084870478;;;;-1,07689068709338;-50,6479055363851;-1,5093390635991;3,78948649504958;;;0,230136689790076;0,012906020011272;;;;-1,47794541551822;-11,6125092288749;-7,14153994081397;;29,6047982802621;-0,619923453002045;;-4,88029261343986;3,29907142248075;-6,21291578684631;-37,2202200381802;1,02533444274877;-73,8794922534294;-2,15123713782299;18,5398840728837;-1,3341326135463;;;3,49229130240498;-2,39833950484787;-0,474296014488651;-2,19276926370218;;;;;;-2,08688252204001;-1,27897161403987;;;-0,660773294416847;0,018362389269618;7,81485017305848;;;-0,880381650207604;;;-0,42580378470565;-8,74990228769144;-0,318601680678056;;;-2,34139426482663;-1,66095635728851;;-0,144473965105068;;-0,760955841609239;-12,5297167610024;;-0,807426343045409;-0,352259607715456;;-0,804333316526357;;-1,70304003013548;;0,783709325612907;-3,75887090073338;;1,97708175079114;;-1,061486074768;-2,88845523116875;-6,17252233569023;0,241405529543967;0,113229212439094;-15,0076940503065;6,27727195171749;-0,118163151365413;-29,03339833875;;;;-2,35531512988615;86,3290254332671;-0,007288027799737;;;;;;6,90152333415814;-0,65551361319571;;;;-38,7719225710989;-2,87535365757149;-1,38876482693623;;;42,2743857090287;-15,6613071893708;-2,35801504182006;;;;;;-10,678958047956;-16,8915214290767;;-4,8110104176523;-0,970004037455886;0,539384590387726;;0,071143769348026;;7,06201154472477;2,39768820191549;-11,283867691246;;;;-0,546641147135814;7,33301179212968;-18,1348995799265;-47,6758095040492;-1,53321240927654;-109,233544401153;-0,789867404170079;;;13,3785538153001;7,11133221352105;;;-1,0771589030427;-0,725224535797673;-405,157421031081;392,351966854539;-547,000897916914;534,195443740373;-259,799103303236;34,3923365445954;302,387554134653;4,64538368671503;-230,062929593687;-12,5997930060149;-119,860367711198;10,5093629577763;-2,21700118938057;0;0;0
2009;;-0,68450950998687;;;;;;5,5792392527233;-0,415578520118162;;3,56188296020926;-7,6365054074322;-0,758846450306312;;3,0230844823067;0,118057975631654;;1,13167926097257;-25,320220619154;;-0,610009478203982;;;;;0,000772507763593;-6,56399749835713;;0,351216023351719;0,233415108549194;-0,304462575735792;;-1,93281763420138;-8,48001384498664;;;;0,482132442510839;319,240357899676;-1,80744905883263;;;;-0,737262868645535;-0,39884558591692;-1,04775618153873;;;-0,071290206176531;0,236286717652668;;;-3,64927223969397;;;-9,72933424157388;-0,980822329643226;2,02585394578413;-0,434013740791321;;;0,094573834390896;0,231139164454051;;;;-3,79030783348073;-36,5716707502041;;;;-0,385169689185782;-50,2987471021688;-1,33684263193809;-0,453457662446102;;;0,376033982309906;-0,319158102764858;;;;0,2889164718504;-8,32949267052648;-4,85771554787575;;23,7372942760417;0,993402903725482;;-2,90469735819464;5,69986348570984;-4,39477448959492;-38,2814617025637;0,661680000000924;-63,5505350400032;-2,43388367520013;19,3007440440115;-1,32268688103092;;;3,26925390530744;-1,73968963424817;-0,634881231201744;-1,24596951671293;;;;;;-2,29198786688378;0,330432462105044;;;-0,492347873217122;0,029559087918935;9,47224022670677;;;-0,57692815025375;;;-0,315433968657531;-6,9557551727666;-0,115532786912353;;;-1,71946596648138;-1,68384739943587;;-0,053681737951258;;0,124238473409375;-6,43361252384273;;-0,269037880123882;-0,296725715319518;;-2,50362644735881;;-2,27898699381991;;0,065924978223276;-3,18370351107507;;1,9834210095564;;-0,70204008913454;-1,72615606817318;-4,61887297688144;0,265235154778415;1,55426227614207;-10,4645066746223;4,90713532019149;-0,313950521510765;-10,0794511568576;;;;-1,18468058601584;70,4709853409095;0,001829980534087;;;;;;-0,070186747976521;-0,277316751985609;;;;-16,2230627610308;-3,02510344760298;-0,866083608399493;;;36,4538318735431;-13,3861414602469;-1,68209513556335;;;;;;-8,18835856871566;-16,4745307048311;;2,49447919404787;-0,928116198028938;1,60575728974037;;0,152963637367979;;5,35745738180117;1,76479222475283;-2,75427045265762;;;;-0,661253276967311;7,20787948300307;-9,54561569271558;-36,7425560517366;-1,13068459240196;-81,5292716754275;-0,609222498629286;;;5,87942215647817;7,99012900453983;;;-0,668054427321858;-0,39230608655853;-347,533470665763;348,453616149717;-443,377475276439;444,297620760394;-220,097504615386;26,1567681166801;270,850071914742;-2,52982772081145;-197,467543790875;-2,23346888640603;-96,9650406931807;3,29284508008538;-0,183658536279264;0;0;0
2010;;-0,49960262468131;;;;;;3,83298729082438;-0,284495957214272;;2,87400261142425;-7,96722533738107;-0,737053327424019;;2,97907440327669;0,29258078240677;;0,187069736332496;-27,7012401980328;;-0,684616220503827;;;;;-1,51316628417504;-12,1599340735593;;0,398194434067983;0,783493813092532;-0,311969241317488;;-2,91757783077301;-13,9294138340915;;;;-0,633441791463625;350,389247925797;-2,4763395905081;;;;-0,99051146813739;-0,50233771198883;-0,852018323158695;;;-0,150327321703188;-0,864743105305145;;;-3,59163536769041;;;-13,964576032705;-1,03921315339036;0,408338228476175;-0,437702874588466;;;0,47233281280409;0,359110622541051;;;;-5,06081757942538;-34,5809501468875;;;;-0,465236556265097;-52,1243203418495;-1,38885415971085;1,48638440620658;;;0,209509092584354;-0,507060485946527;;;;0,355457177033437;-10,908773733348;-5,47718109824239;;27,2028556789798;0,099041147013949;;-2,25416180294655;19,6778067543114;-4,61047788413372;-45,742835904242;0,575914661122253;-63,5540076740866;-1,80031130426331;29,9982501456023;-1,34225090095064;;;3,35875852131124;-1,36599898392207;0,203665677290211;-1,3109491977505;;;;;;-1,87184007250974;0,114061564566772;;;-0,364115637258372;0,017185179571293;5,75441356715136;;;-0,901711160880371;;;-0,26626924786767;-10,5677625763067;-0,247061551003918;;;-1,3449531697957;-1,53345988988006;;-1,17162914669412;;0,107093917172007;-10,9331818962683;;-0,409760887936214;-0,243983142931295;;3,16284542056536;;-2,65498843633052;;1,55649246951241;-3,23707659385956;;2,16160616198367;;-1,01194468100595;-2,78120635426271;-5,24593143144497;0,455498080087277;1,22067503997731;-11,7093478944346;8,01405038295149;-0,336065436213148;-15,3348578500133;;;;-2,17634039357516;73,9051636554149;-0,008654285390494;;;;;;1,83780125849341;-0,131032015695114;;;;-18,2516171912484;-3,4864100118299;-0,94954613567423;;;34,3846521218415;-12,3507034279417;-2,45141609742527;;;;;;-9,01310505191923;-15,2420290580963;;-5,93897249947888;-1,43844159008906;-1,54844163441636;;0,169504337806073;;6,06899229052845;2,07154344332092;-10,4315998760258;;;;-0,651311833150301;12,5461395553383;-5,84191334277523;-45,0002883062451;-1,14328383740535;-78,0835863338666;-0,99565619787619;;;13,6509956843175;10,3920010085298;;;-0,561308572413309;-0,139353982548073;-365,490374358893;374,519677264775;-488,092163373688;497,121466279569;-236,993644133001;26,6714872952174;290,910383781998;-6,26529413510999;-213,752179611269;14,7396813826586;-102,580762744265;2,46424172348803;-3,15825478683703;0;0;0
2011;;-0,499566302151924;;;;;;-0,013711774729146;-0,084557092570772;;2,78877798372434;-9,07481179410852;-0,574951349549583;;4,35329966381724;0,650920219908368;;2,79778392756797;-31,3412740793664;;-1,22021406803395;;;;;-2,33966484260463;-15,4561585891728;;0,219597422555687;1,68591595048986;-0,186985513722127;;-4,61608630298006;-9,83279241956484;;;;-1,71595807882386;380,595278071378;-3,25207052659957;;;;-1,35394551541918;-0,362043283300143;-0,70614568451869;;;-0,153628308932557;-0,160564144624946;;;-4,2622041918459;;;-8,33395062248062;-1,30861088767488;1,01733252405667;-0,513979459531965;;;-0,157698930124308;0,51412036272383;;;;-3,83974732418613;-40,1243279200517;;;;-0,616489634188973;-47,5373481357757;-1,95469025603115;3,29232861783001;;;0,455552462039324;-0,587699770643953;;;;0,544847732118684;-14,7183188574695;-5,1861922799685;;36,4660791649399;-0,848335739042852;;-2,67766359441119;21,5784920388184;-5,12510535683753;-43,0270548811594;0,646708079940846;-71,9257873444946;-2,38698262908163;30,8082934904341;-1,64572569862519;;;3,24829705842753;-1,43461914995773;0,257573283101125;-1,54454497614462;;;;;;-2,63273410246799;-0,293464889693239;;;-0,38293063904256;0,020064862605485;3,5509891689067;;;-1,51792798881734;;;-0,291451730157577;-14,8069312431814;-0,527679721659187;;;-2,21379037876945;-2,11109881799844;;-1,16152493267376;;0,106920485017501;-11,5794575386967;;-0,697871357802365;-0,187684462896588;;6,43668226665508;;-1,74574217849797;;2,2346941094666;-3,81626089153533;;2,71083475861931;;-1,29720457983595;-3,45869412116023;-6,98426219735097;0,378161001289812;2,19805228474711;-3,07191379816918;12,7717616956437;-0,325155233647028;-13,9094829152749;;;;-0,956370722796567;71,2921029930456;-0,015737059532222;;;;;;1,52883770599308;-0,373601099667277;;;;-48,8219386685426;-3,03318700295164;-1,3743536060394;;;35,4430700948011;-10,1517622140384;-3,99968310395781;;;;;;-9,56506162156339;-17,1901988542307;;-7,5859318470368;-1,44195466073771;-2,15338351063077;;0,165570806852621;;7,76069567963252;2,0317213092872;-12,5137447078425;;;;-0,734681831116203;10,8154178440049;-6,46953120946348;-38,9511432877237;-1,80349993159448;-74,451818389698;-1,12559578827521;;;13,211316249761;12,4492746405174;;;-0,915446470869772;-0,019710522926188;-355,020641590873;372,684200460526;-481,045505194446;498,709064064099;-226,793142877386;26,9829101460258;281,045202959778;1,72907865202234;-200,274488735371;19,2200183689414;-99,0915420524442;2,09090662592198;-14,0385270952208;0;0;0
2012;;-0,544329730910052;;;;;;0,420035898893786;-0,210108586770772;;1,3316968776206;-8,81284490778942;-0,78075165089118;;4,03327056821021;-0,212894611867867;;-0,299713560711353;-29,1648030047771;;-0,767176134140384;;;;;-1,86659805473814;-15,0352171342555;;0,121566526659885;1,20480903044123;-0,180753186978494;;-4,39632966770186;-3,34447299372582;;;;-2,46505634770938;349,646268760651;-3,92679018122518;;;;-1,34714720398343;-0,722808317637925;-1,20592950243274;;;-0,241702812844145;0,135069313128142;;;-3,54274775407787;;;-10,0785905990188;-1,40635137662215;-2,0879699966237;-0,402209517314366;;;0,044116148332168;0,169360542705871;;;;-4,53543923628519;-33,5998079612426;;;;-0,711683783222679;-28,4921496145355;-2,62211938511849;4,57586208697048;;;0,530739684009407;-0,588910253769549;;;;0,609909999268627;-17,8998113862961;-4,07898587235171;;37,0700717145623;-5,9666358548557;;-2,32640980604334;11,8981066866287;-3,61593880226709;-33,8863824376474;0,623849082253622;-76,4648279030016;-2,86465771416793;31,9358370147581;-2,17407860177346;;;6,04801438209164;-2,1857224513668;0,21527918700163;-1,58081397111631;;;;;;-1,96234773413253;-0,316452972971855;;;-0,360825705823961;-0,001345016353508;0,746464046805549;;;-1,42874369861209;;;-0,30105039487665;-12,7968400914331;-0,458890886121214;;;-1,94335875271882;-1,85153288583659;;-1,56863682521583;;0,109553874996611;-6,51336026502879;;-0,778766781500929;-0,315719314462158;;8,97954714208342;;-1,07880166022675;;2,36726783886682;-4,44192345386431;;3,2529553401081;;-1,13490376113231;-3,44514114738969;-8,13758513124824;0,351643017717827;0,372410706949765;-0,567294487736893;13,3110518060474;-0,613927415203498;-7,53820155745734;;;;-0,489570292701895;62,7450998685212;-0,028209128154325;;;;;;5,19524040139302;-0,732973651277492;;;;-52,9658230138984;-2,03130539202167;-0,854800678025382;;;28,547008415374;-4,64883155965519;-3,75778709541437;;;;;;-8,40557456969479;-29,3421140140495;;-2,56111918616212;-1,00761368447979;0,287668121533898;;0,021730344599428;;8,50501802361692;2,19817607093811;-11,5727992229998;;;;-0,628689529935236;8,59189854266171;-6,08281920693506;-40,4699385013552;-1,7089667724443;-84,0962329720451;-1,14515310261857;;;23,8111434604733;11,1344292330373;;;-0,828888316384908;-0,17226250157348;-333,590044271548;337,007419830477;-438,882026234655;442,299401793584;-172,354031245903;18,1647416891221;241,569428575386;1,37880549447791;-172,751930301973;18,7167367368679;-100,237546057204;0,552930096119672;-3,97579067386781;0;0;0
2013;;-0,35206427842574;;;;;;-2,4372532247045;-0,137359165786932;;5,09344745738997;-7,40522047609544;-0,763354951094286;;5,06689579510675;0,209524822883296;;-0,615236266655604;-29,2675783703321;;-0,857063422186397;;;;;-1,73198183412781;-16,0209120088359;;-0,256830456537999;1,19995166904079;-0,225727200154786;;-5,28403266615353;-2,30382995354088;;;;-2,21391726773784;336,089589061438;-3,62001279881313;;;;-1,23918586947036;-0,757972151030235;-1,39298473067899;;;0,024196558316825;-0,596558300766755;;;-2,87663357699529;;;-7,36387638411621;-1,62685959022787;-0,604475788305088;-0,491528619391566;;;0,677601362241544;0,414170647506324;;;;-4,03454068021922;-29,5025498375065;;;;-0,654814728574226;-26,0186022664242;-2,1077681806453;5,00804015025751;;;0,56715859758997;0,014815994210107;;;;-2,22707600914223;-21,2732675725387;-4,63249977234611;;58,3266106298026;-6,51588269559051;;-2,51709563918147;24,8003541183199;-4,44539718188148;-33,0503982693705;0,678660189178735;-59,549339495699;-3,19685853667005;27,6009324786002;-2,72446882320932;;;1,94826995747955;-2,00932291704826;0,249648838468623;-1,46647745798823;;;;;;-2,16713965363234;-0,346518113319985;;;-0,421875129904896;0,032927392048427;0,65261688256129;;;-1,121743585681;;;-0,286359045170255;-16,7905643995827;0,002479091842943;;;-1,89963704465819;-2,69907120164667;;-1,80959919533653;;0,086625737631191;-6,70219763141814;;-1,11746630335821;-0,31828249927047;;1,07589112448825;;-1,18271991794399;;2,26776708315424;-3,71006034303248;;3,19753927348045;;-1,2741855090614;-3,95746751452124;-9,02681023648763;0,167710231914222;2,94851006472872;-0,454386568438093;9,83231314287417;-0,483330454267686;-6,04156752704725;;;;-0,092750967688733;56,726172261627;0,003274203655729;;;;;;2,23142456603608;-0,537868733141752;;;;-55,7841410186523;-2,0976856268577;-0,803176472384702;;;30,2597489862855;-6,46858905915865;-4,32298475787415;;;;;;-7,89206213106446;-26,6811178645039;;-4,35866076804739;-2,44504490152202;-0,816213228787092;;0,038512295175108;;8,42679694925911;2,10868690096624;-10,9146480567996;;;;-0,617949851432227;6,58192231448115;-7,19056504557523;-38,4218440782219;-2,34481941086779;-70,539308280114;-1,3415774318553;;;25,0587055467266;11,8627591690173;;;-0,861193866301868;-0,13652574819146;-291,345626215483;320,029359172245;-391,140414083692;419,824147040455;-161,049089382963;12,8403404637574;252,131099281772;1,23020562811744;-164,993977212606;20,3995558420444;-89,6337026332376;3,97598115403176;-7,26576956711639;0;0;0
2014;;-0,139970662316136;;;;;;0,862975633748846;-0,058655729071067;;3,55932173412542;-8,49697811536293;-0,796570346558909;;4,48347882549747;-10,5619586413629;;0,174819510836215;-31,4296651362539;;-0,777957666165942;;;;;-1,83552127659754;-14,8529205140343;;0,03804781263683;1,71557921538974;-0,238730401604854;;-4,52309737646663;2,08237444960855;;;;-1,4897651229927;322,903793518399;-4,15474991962806;;;;-1,18714574738883;-0,913165090048254;-0,395170743044067;;;-0,035723173743984;0,422053901672005;;;-3,65446428648331;;;-4,10088441315211;-1,52579868849755;-3,71045664066914;-0,498813644222821;;;0,412155276970543;0,394406378611791;;;;-3,77418072187622;-29,3600861076994;;;;-0,632211918981911;-30,4066418586069;-2,13087899470829;5,2127692975512;;;0,661681534749937;0,027734035856584;;;;0,590752231293767;-18,5064275162754;-3,84599375709865;;51,4533108551692;-6,03044369332611;;-2,80887666961608;23,4695066410957;-5,74802714854204;-33,2678157770353;0,451337160463806;-49,470791633161;-2,68276418206271;32,4412477254118;-3,61363274493203;;;0,025457011594181;-2,09550717985988;0,252889708010483;-1,2830582909284;;;;;;-2,29193099187875;-0,41141145006783;;;-0,492736335627254;0,024992732741641;1,57313693169466;;;-1,43208152051109;;;-0,31239718361174;-17,5819482566264;0,121897019343701;;;-1,69946737010755;-2,75402395174877;;-2,13668411696653;;0,174540138127897;-3,61709403610593;;-0,994353909818166;-0,463040423757746;;1,48906478857739;;-0,955434957500083;;1,66613320444514;-4,51924972504001;;2,90303123170937;;-1,26417148631095;-3,37539551395651;-9,36571694708429;0,075707823167916;2,19801757363912;-0,278511294008785;9,37849869968261;-0,498484871284716;-11,8978876401012;;;;-0,682343653278029;66,787479977236;-0,024666190955791;;;;;;1,02892210617881;-0,730810768389758;;;;-37,041300344672;-1,62188692275304;-1,09555678887327;;;33,938824699317;-7,32473596504897;-4,01133899407421;;;;;;-8,10099586225673;-26,8947230693666;;-4,5268409844038;-4,16388346491264;5,29365304008506;;-0,017613197686135;;7,53373256639967;2,03915277386624;-9,67826845519899;;;;-0,666651621730958;9,62482210988731;-8,47807194150744;-43,0251052969635;-2,43898323024085;-84,0993452672737;-1,27939254805713;;;7,08447880629449;15,2282424235067;;;-1,0136301445402;-0,217721798736576;-287,57257902628;302,861210107463;-407,443853273125;422,732484354308;-165,654627857309;11,6899618126178;261,278877037034;5,89065049609505;-160,082740245496;13,4648647611827;-99,5989190742916;2,56496782430725;-19,9190315302659;0;0;0
2015;;-0,327749025314963;;;;;;-2,23705994416109;-0,113541784477554;;5,36251964144383;-6,20184153021878;-0,678619433392534;;3,88609555378607;0,020223449083225;;-0,333008737475634;-29,2653024992328;;-0,678660447088858;;;;;-2,00895115937809;-5,126298400054;;-0,16882715792531;2,07410489163438;-0,215290616095192;;-5,49342075968611;7,99502166970939;;;;-1,20475817337744;272,610586272385;-3,50100682460364;;;;-1,27845643719632;-0,969677662416642;-0,999086137694687;;;0,076476793816837;0,148865501610686;;;-3,81439913710531;;;-3,43119907871698;-1,61011900313841;-6,15988381544443;-0,527011157745455;;;-0,591473553609372;0,343701011848695;;;;-2,98494578186998;-24,8500567403557;;;;-0,534614085655007;-26,031422256805;-2,05177671049359;5,19741843665962;;;0,687186702535962;0,010925526893717;;;;0,603010166681875;-13,2666609934069;-3,42697001845758;;37,9416655123963;-1,79296343615945;;-2,09464823784796;10,2130031580885;-4,73933557442768;-25,2260475413637;0,421334398094478;-37,4218172953379;-2,71152565227456;22,5998970117082;-2,91150122546582;;;-0,80549953090221;-1,5897628615254;0,514843212238243;-1,28445311814781;;;;;;-2,00879382749003;-0,450845969387512;;;-0,443953485418485;0,025440807872705;2,08517972865553;;;-1,8455336544115;;;-0,225727487600655;-16,3133828987129;-0,062081786047396;;;-1,41794285066814;-2,35687630509901;;-1,96723211951599;;0,157251401642223;-1,48497236536964;;-0,779010290786758;-0,54338835530481;;-2,08497533280926;;-1,34240145703402;;0,61541232686119;-6,02724430797274;;2,56334347916505;;-1,05907352189347;-3,42697568091592;-8,56129722523804;-0,133020192375573;0,455967579928753;0,079904180299714;6,43337650026471;-0,351051040456403;-9,13383072554157;;;;-0,399215206033769;86,2648866022741;-0,029697193259527;;;;;;-5,62239363942535;-0,601141418467288;;;;-27,8610648888582;-1,5885077416908;-1,07540807235785;;;30,4083590261273;-2,97458671193441;-4,08875204526892;;;;;;-7,60074420755881;-28,2839851148288;;-0,327879286027198;-0,989135998156389;6,31388435109714;;-0,07585084889599;;6,12895051481944;2,06292692074039;-7,75866657322636;;;;-0,606977012016341;10,6185613573686;-5,44429594049537;-45,3547300133579;-2,6055797309354;-112,938876240821;-1,09317223632574;;;21,1025841740485;18,5005777805369;;;-0,865762700882946;-0,312664127024115;-252,277291205769;265,622435484142;-385,693269712966;399,038413991339;-138,166516924993;3,91018000405063;242,632594649066;4,62377023233323;-116,924943313362;-5,9338293717511;-121,257237469825;4,58350935065707;1,71110019720327;0;0;0
2016;;-0,324917809221321;;;;;;0,726901235069413;-0,086784090806562;;10,6148134255249;-6,85499781316952;-0,215859177893401;;3,68268981308785;-10,2290119063792;;-0,167387298305437;-29,6151198369044;;-0,316496084686799;;;;;-1,88562742279203;1,33110746502021;;0,158078214772438;1,58105964755375;-0,163095689415891;;-4,54163213473282;9,88123975150248;;;;-0,868112537193177;245,63367390294;-2,69661983926219;;;;-1,19406391332853;-0,873743981025045;-1,22232203556297;;;0,138046695348302;0,279054921012751;;;-3,43156017457172;;;-1,56691787194592;-1,00505988717881;-5,67745576685161;-0,517679836459054;;;0,245280941763682;0,351944396433693;;;;-2,69061780904171;-26,0887618343703;;;;-0,414808219432373;-29,3347426671281;-1,64642177259965;3,89997670765228;;;0,730677613429343;-0,647928831894942;;;;0,55584726477668;-11,1211066360944;-3,65571247319067;;47,8814188224002;-2,49648339392013;;-2,35300316130094;22,0584892045379;-5,26657413391685;-22,5190535396317;0,31894341187658;-35,2787584796395;-1,98234347896604;26,841631339903;-2,57231737023955;;;0,516184160414685;-2,02596690647726;1,01415500527718;-1,31424042682735;;;;;;-2,25596155643599;-0,200458733831943;;;-0,41687115880846;-0,008641222158075;3,51573579681649;;;-2,13395696368323;;;-0,255050258095922;-13,3685031926833;0,498556222834853;;;-1,97376092217612;-2,05166953843305;;-1,95598359444634;;0,177295518407761;-1,32742838096387;;-1,08154583752112;-0,554058051573502;;-0,409710270530901;;-1,2840103829126;;-0,531588169577141;-6,71629606698458;;2,24476221750034;;-0,945036142231853;-2,62234972914468;-9,23171220232506;-0,112145894571895;3,93988797384662;-1,13264034778637;4,29720498749324;-0,427689988813643;-4,8705386195208;;;;-1,10707983819014;73,7312663632397;-0,019769301940981;;;;;;0,248456468905601;-0,791088763686518;;;;-29,8719922488338;-1,57123222889263;-1,05343293099055;;;33,5191226153444;-3,83446696930089;-4,26739932280994;;;;;;-7,58502270844067;-33,4010622641298;;-0,247446520751225;-2,07305946535595;8,07318978702968;;-0,026476150013838;;3,28151593006317;2,02175141551255;-3,82842648840077;;;;-0,594813201848717;14,7535481379175;-5,94547958766913;-47,5166028173898;-1,72781645906768;-111,297639185571;-0,886890334449213;;;22,28412804691;19,5802110494844;;;-0,504728996707069;-0,331175269158511;-260,081346563682;291,475178514119;-372,449771827092;403,843603777529;-141,198505543038;10,6144864118993;229,685090267909;3,2990267643391;-135,40767161384;13,2486127759094;-114,784902626752;9,53326758800377;15,2059223829678;0;0;0
2017;;-0,17665533282163;;;;;;-1,11181640456824;-0,070313419501344;;9,95490438646142;-6,07756287638339;0,093822626326752;;3,6311468614947;-11,2420596802677;;-0,145709036437541;-27,9056590012923;;-0,245044173526065;;;;;-1,18595353852282;-0,380169623786571;;0,248104826718675;1,73692385347931;-0,132716852148994;;-4,52310667312614;10,6176563621106;;;;-1,0956815795997;237,080632514356;-2,58209576755462;;;;-1,18117947837122;-0,868832772761611;-0,863320046438933;;;-0,089188169619945;-0,804663526608234;;;-3,97373595550928;;;-1,79237836906327;-1,55970938660983;0,846597225173966;-0,512555650723693;;;0,517811945262094;-1,26954059228599;;;;-2,95475746585346;-24,7045808167435;;;;-0,294245470229495;-30,5972684199195;-1,83206431438694;4,95688126759406;;;0,546149342608824;-0,523961276806409;;;;0,576703467341596;-12,0033258706287;-4,36396485231754;;41,7895422326959;-1,85699739987589;;-2,9265428672368;24,9186877608837;-5,07825677162142;-25,3578905235623;0,40736298470596;-33,7228044478251;-1,63785288857974;28,8352733153745;-2,36277609194658;;;0,896390122885876;-1,98165441826235;-0,409314929207509;-1,92445637698821;;;;;;-2,44679573591263;-0,123151000627645;;;-0,430387561514508;0,024605281488097;4,60421649227143;;;-1,97362869824174;;;-0,301217503892147;-13,9209771620262;1,00442560883199;;;-1,51837761473545;-1,6080472607033;;-1,4069871582764;;0,218492305427705;-1,81634896285184;;-0,758370100069726;-0,490198364861912;;1,06915183856451;;-1,64394171640608;;-0,29185139278961;-6,70564490738961;;-1,82564689421574;;-1,09779444057734;-2,39372431091793;-8,85832136295898;-0,098956452852078;3,9945494120403;-0,832794562693083;7,41133067712302;-0,44812513719382;-9,66085007409049;;;;-1,41478398068195;72,5521052824336;-0,140114505686708;;;;;;3,9996024238234;-0,779298929143801;;;;-31,7896500355458;-1,3011622800339;-1,42265861961264;;;30,734402585573;-5,46112886240573;-3,91301727541086;;;;;;-8,1323868076098;-24,5905830925228;;-1,2676238619254;-2,12507360816442;6,69569720344208;;0,006521742874929;;4,23809699921942;2,22443156619966;-3,27846272851679;;;;-0,631390462224494;11,4332879686919;-7,91630881908068;-43,367963281623;-1,47736912619818;-114,351253997191;-1,03918551918342;;;20,0061693963949;22,0579592543925;;;-0,345634473776113;-0,080518780069998;-258,076409698847;278,205976301188;-370,183598979285;390,313165581625;-146,262263930769;17,3173521140739;212,204162945428;-0,033645963360034;-132,201723139454;22,6544252456225;-117,654574797107;9,1965342863917;8,64703591074517;0;0;0
2018;;-0,286324548276208;;;;;;0,804080678224452;-0,351673217563974;;13,7725182566416;-6,73006413753885;-0,209455777899933;;3,47774482440507;-12,3055379360891;;-0,354192348282375;-29,635293463543;;-0,131263676907134;;;;;-1,1268612800628;-0,090645685759341;;-0,009721587228546;0,77960754867593;-0,167133297433451;;-5,34890903605959;13,2810765388254;;;;-2,13690330722772;201,560159189494;-2,95257940525698;;;;-1,29635230685926;-1,22244220192997;-1,77986727090223;;;-0,131506113496319;-1,85547130839718;;;-4,24053180773184;;;-1,64757647073347;-1,86032487027496;0,295380938648847;-0,681410337574853;;;-0,034738572631238;-0,971481619128147;;;;-3,31289100488962;-28,5110178547467;;;;-0,656654963780145;-35,0566194468152;-1,29714855923737;3,86611840537989;;;-1,26128839785111;-0,55597326240785;;;;0,513283732239637;-11,7654643887869;-4,74349472488723;;45,7978640848378;-3,08916583321226;;-3,15446344944611;29,5121230798026;-5,8808582054651;-27,6220099972011;0,201663509059796;-38,1335618365612;-1,74672653096899;36,9205961347602;-2,43012857105166;;;0,606297799874572;-2,33459916320068;-0,358948346401236;-2,24223389246311;;;;;;-2,60062101073759;-0,005523321991731;;;-0,363314806315103;-0,253107867293775;4,04761376962387;;;-2,39740164094911;;;-0,340398306650321;-14,2552575037225;1,18031449046141;;;-1,60457074760262;-1,58888221190565;;-1,27004620244712;;-3,31568301403211;-3,17007674225797;;-0,880798104007216;-0,460833458359635;;1,19780784902135;;-1,45742782581488;;0,099705692431996;-6,20192357418478;;-1,73910066464455;;-1,162265533894;-2,55394584331975;-9,25736246057345;-0,031526753057721;1,12913582464803;-1,22265396259166;7,35400824923801;-0,209285390518025;-14,2027742848917;;;;-2,21214531230692;95,4752953347552;-0,167032150593791;;;;;;7,88342517270439;-0,939252328307874;;;;-30,7425261436162;-1,64019661872291;-1,80955010891776;;;30,3866689216608;-7,70751890189011;-4,2573903321054;;;;;;-8,34549697614363;-24,0577925673091;;-2,52007671537194;-1,1502227084239;4,0954181604442;;-1,56192101547595;;4,71110109282814;0,465110765371088;-1,37477770495562;;;;-0,611784012409941;5,55398962860682;-10,0996392284981;-41,9963313527519;-1,60332369881306;-114,725619374375;-1,08617144103646;;;36,1503130312442;25,7876250936919;;;-0,229412921843926;0,024120034809005;-265,02626941004;260,861964382656;-395,850865441931;391,686560414547;-174,386525862495;13,7243243811755;173,177939603331;-1,66051330189531;-141,509309541568;29,8313031485688;-115,699800339272;12,8917201526344;25,0800308696417;0;0;0
2019;;-0,274403746819039;;;;;;3,13175199163354;-0,174777746327982;;14,6320995377534;-5,78463515947869;-0,04300991932609;;4,36348501149359;-12,6744187964276;;-0,244524146403606;-27,7776250112844;;-0,09575580385753;;;;;-1,37391861828719;-0,846354896165394;;0,193465361087101;0,719437866732541;-0,172178337874648;;-5,81673917856652;14,768884446234;;;;-1,54864490225946;215,142047658612;-2,42528325131745;;;;-1,26769680861431;-1,16536389517449;-1,53623933453847;;;-0,064048709965584;-2,10496829554254;;;-4,23985594422204;;;-1,40270778741404;-1,81145734935939;0,649285202633294;-0,533832674891172;;;-0,633182427089296;-0,959986094325227;;;;-2,94696602653644;-26,8868999272203;;;;-0,296061607513503;-36,5417160921163;-1,04245287887904;3,63077147910657;;;-1,19739983826445;-0,535004222762829;;;;0,581215452900093;-11,8778234028194;-4,35961247521587;;45,135398381446;-2,65464681861872;;-3,47009815973226;19,9005139122841;-5,62630947219555;-25,6914411716812;0,179849216641978;-39,9485079376778;-1,60272278496895;30,9972374073809;-2,40287816461186;;;0,386082766518129;-2,26003869693935;-0,60293130861157;-2,10381875045057;;;;;;-2,21162354304126;0,122385468340495;;;-0,359907515221281;-0,262095957910639;4,89451669302464;;;-2,22416807599595;;;-0,342145909999246;-12,6152275927084;1,42989488942679;;;-0,98295846209929;-1,75689503473969;;-1,33574989292365;;-3,19349743761606;-4,05499396731314;;-0,706895483554705;-0,403684104490802;;2,16995184694448;;-1,72124946368266;;-0,611922811513065;-5,70188840066467;;-1,10849020697338;;-1,20791299314906;-2,46129507813771;-9,04419073299126;-0,072515050953956;1,42848256206071;-1,32241295527453;7,36819761861803;-0,160911306321835;-16,7850017834665;;;;-2,25594084952221;86,4079287950713;-0,16361411853393;;;;;;6,54367456875855;-0,701393851564842;;;;-34,7999148156168;-1,76115668799483;-1,78546341721298;;;33,0924852810762;-8,4869801867508;-4,16729433305169;;;;;;-7,56965478818046;-23,1649019668696;;-4,91180852347408;-1,05878388627897;2,67834634034669;;-1,54919517206628;;3,92930471715279;0,526579577014735;1,37364690838521;;;;-0,610623637617578;4,38870359515099;-4,58089311739671;-40,6863314069067;-1,46817876168967;-115,594598477111;-1,07854058947338;;;22,3366569232915;35,6300280322756;;;-0,302677690717033;-0,039029397668336;-269,249076155751;263,577837656358;-387,859060777398;382,187822278005;-169,91242458012;18,6553871828226;180,089599437611;-1,2234420339533;-145,207202920579;27,5137525999833;-113,440941623585;13,9252040541987;14,0164048041093;0;0;0
2020;;-0,273603071741254;;;;;;2,50993022566259;-0,174571352157112;;11,7935451619022;-5,10413200475682;-0,445353537063729;;4,24399056653628;-12,7466760460723;;0,143642709333948;-23,9440565347789;;-0,213103500705405;;;;;-1,46091382733659;4,62348319232942;;0,191344625775456;0,175735387764446;-0,088378456756452;;-6,04548595870824;11,349110616218;;;;-0,812950542395722;253,78852956709;-2,54732353159507;;;;-1,14848170944386;-0,951059975689927;-1,55162654538591;;;0,144889361841134;-2,168399521437;;;-3,87788403387628;;;-1,51355651270065;-1,73312769219544;-1,97235640552735;-0,546372230272807;;;-0,878666557231427;-0,884073119493442;;;;-2,82655530035012;-25,6827542347792;;;;-0,627999747756084;-34,3954807944905;-1,28074084137951;1,07024622332507;;;-1,11579206725345;-0,297231704726203;;;;0,438386631157539;-13,3873927308257;-3,64227908326391;;47,439954284786;-4,53593067214834;;-2,3736482785457;15,2274016342242;-4,91171354271094;-22,8148770011324;-0,115652920625212;-40,5054661231445;-1,82942667778628;22,7372248864263;-2,20925660473069;;;-0,649780986484313;-2,12988412974399;-0,646851764298704;-1,84951014768555;;;;;;-1,77651245929316;0,017219541115649;;;-0,396275480435831;-0,278179605353969;5,10035318160034;;;-1,86777216015945;;;-0,402814900283416;-7,17685207610685;0,956598886718261;;;-0,783096419523798;-1,69035590120011;;-1,30424011732833;;-2,98654157497204;-4,13275434192966;;-1,28726577965798;-0,335881809611116;;-0,992609045597661;;-1,59192093106954;;0,023763440279378;-5,18344836685287;;-1,537528075317;;-1,18233285833585;-2,75652132155507;-9,28061982003845;-0,316066142329827;3,24081642428199;-1,62769586170375;7,13430122357499;-0,230727932084383;-16,7614210039672;;;;-1,86533483118177;73,2838861876282;-0,152925859646468;;;;;;-1,13038499332521;-0,868949537976801;;;;-25,0085713420504;-1,64821534983993;-1,62423844357364;;;32,4853172209672;-10,1832379111311;-4,29928639757919;;;;;;-6,73037864092107;-19,8647431553158;;-3,37250773009143;-0,907832460204192;-0,081399308948775;;-1,26397189455391;;2,38857237189563;0,310237097643346;3,86291671077205;;;;-0,560492507580404;4,8466965947084;0,3906995027112;-36,7199416105178;-1,43455295227139;-128,801721593025;-1,0235409469772;;;6,22396288263449;37,8119499445798;;;0,169676134823261;-0,223249084007632;-283,692040933075;285,261134796772;-380,755395574038;382,324489437735;-157,917103099119;13,0256747792442;218,898715310353;-3,48630632217092;-138,093086376093;22,3617668777914;-124,629463052914;10,5062793822443;2,98551326524233;0;0;0
2021;;-0,289632244944465;;;;;;3,40129854318403;-0,202002828453524;;13,1817971363666;-6,04625799450877;-0,148539944914484;;5,48951446736698;-13,9673158092351;;-0,149570948196409;-28,3774771559624;;-0,257621841088234;;;;;-1,45526585249198;9,5479386028035;;0,439695366574607;0,473009212374141;-0,139138870989513;;-5,95664635515325;9,59956447539491;;;;-1,55157993690467;276,32570168916;-2,55641040078042;;;;-1,26216112806511;-1,09499692184472;-1,51761018580045;;;0,05304462465428;-3,40226860752195;;;-4,66091228948952;;;-1,76760075161916;-1,8407757840199;-5,07104501650103;-0,577609190874269;;;-0,950570938483957;-1,02606824502558;;;;-3,75282476719446;-29,7635907141719;;;;-0,743693940489436;-41,4057843272783;-1,10305863923834;1,81527229040667;;;-1,23214090180339;-0,346450748126683;;;;0,519638499670581;-15,6703547465108;-4,66303493526661;;61,8169920473708;-2,33652421267007;;-2,4463208064955;18,7149819345368;-6,27078833783512;-26,27098171475;-0,110080541617664;-44,4275769532744;-2,01990048275628;24,8694078619718;-2,43663778759546;;;-0,296109385683071;-2,342479260909;-0,349472730615461;-2,20160726141523;;;;;;-2,29485955745269;-0,094376104688057;;;-0,455815351869137;-0,315148202888197;5,08683221488299;;;-2,35538162324532;;;-0,456405047056564;-10,3596337504611;0,823436131479154;;;-0,963160791073801;-1,88531398094264;;-1,48919828261667;;-3,77589428208697;-6,62727791377078;;-1,78942782192418;-0,378854276236961;;-0,236043699231224;;-1,01328319828029;;0,371727172967741;-6,2433148446638;;-1,08337967538999;;-1,38302923395126;-2,31344907038373;-10,9810370827911;-0,149073556061796;3,69053491260993;-2,49224681997523;9,65984674897549;-0,224872332270221;-19,9438362707768;;;;-2,40148234432938;96,1292026185513;-0,184330661881668;;;;;;2,33811506208485;-1,01365207583124;;;;-29,7216898930461;-1,65672689740439;-2,08538825871291;;;34,8778946295133;-11,4396091858247;-4,989768019916;;;;;;-8,0880151412465;-22,622221707111;;-2,08121227387745;-0,929315993799407;-2,87937219772097;;-1,48261951701034;;3,92157708234035;0,697165873587355;8,39448723106349;;;;-0,643953263498345;3,69169257858831;-1,1158059428074;-45,2879449226637;-1,6608314430546;-147,369096009107;-1,07809460006765;;;8,5638138584981;34,2135898573476;;;0,284990987647684;-0,299015677484507;-326,567701309813;322,767513786736;-448,177397435243;444,377209912166;-188,962744504944;11,6194072411377;235,885607527883;-1,97061088359561;-158,504502329;35,2660684679134;-148,129165284174;11,3923693144424;10,6406384223162;0;0;0
2022;;;;;;;;;;;;;;;;;;;;;;;;;;;;;;;;;;;;;;;;;;;;;;;;;;;;;;;;;;;;;;;;;;;;;;;;;;;;;;;;;;;;;;;;;;;;;;;;;;;;;;;;;;;;;;;;;;;;;;;;;;;;;;;;;;;;;;;;;;;;;;;;;;;;;;;;;;;;;;;;;;;;;;;;;;;;;;;;;;;;;;;;;;;;;;;;;;;;;;;;;;;;;;;;;;;;;;;;;;;;;;;;;;;;0;0;0
